DROP TABLE IF EXISTS `Calculation1K`;
CREATE TABLE `Calculation1K` (
  `material_id` varchar(50) NOT NULL,
  PRIMARY KEY (`material_id`)
) ENGINE=InnoDB DEFAULT CHARSET=latin1;

DROP TABLE IF EXISTS `Structure1K`;
CREATE TABLE `Structure1K` (
  `material_id` varchar(50) NOT NULL,
  PRIMARY KEY (`material_id`)
) ENGINE=InnoDB DEFAULT CHARSET=latin1;

DROP TABLE IF EXISTS `Composition1K`;
CREATE TABLE `Composition1K` (
  `material_id` varchar(50) NOT NULL,
  `formula_pretty` varchar(50) DEFAULT NULL,
  PRIMARY KEY (`material_id`)
) ENGINE=InnoDB DEFAULT CHARSET=latin1;

DROP TABLE IF EXISTS `FormationEnergy1K`;
CREATE TABLE `FormationEnergy1K` (
  `material_id` varchar(50) NOT NULL,
  `energy` float NOT NULL,
  PRIMARY KEY (`material_id`)
) ENGINE=InnoDB DEFAULT CHARSET=latin1;

DROP TABLE IF EXISTS `SpaceGroup1K`;
CREATE TABLE `SpaceGroup1K` (
  `material_id` varchar(50) NOT NULL,
  `spacegroup` varchar(50) DEFAULT NULL,
  PRIMARY KEY (`material_id`)
) ENGINE=InnoDB DEFAULT CHARSET=latin1;

DROP TABLE IF EXISTS `BandGap1K`;
CREATE TABLE `BandGap1K` (
  `material_id` varchar(50) NOT NULL,
  `band_gap` float NOT NULL,
  PRIMARY KEY (`material_id`)
) ENGINE=InnoDB DEFAULT CHARSET=latin1;

INSERT INTO `Calculation1K` (`material_id`) VALUES
('mp-1000217'),
('mp-1000500'),
('mp-1000517'),
('mp-1000691'),
('mp-1001530'),
('mp-1001696'),
('mp-1002183'),
('mp-1002184'),
('mp-1002187'),
('mp-1002188'),
('mp-1002194'),
('mp-1002195'),
('mp-1002199'),
('mp-1002201'),
('mp-1002204'),
('mp-1002205'),
('mp-1002212'),
('mp-1002214'),
('mp-1002215'),
('mp-1002218'),
('mp-1002225'),
('mp-1002231'),
('mp-1003061'),
('mp-1004656'),
('mp-1005343'),
('mp-1005370'),
('mp-1006366'),
('mp-1006973'),
('mp-1006991'),
('mp-1007150'),
('mp-1008033'),
('mp-1008143'),
('mp-1010315'),
('mp-1010825'),
('mp-1011681'),
('mp-1011715'),
('mp-1011886'),
('mp-1012359'),
('mp-1012461'),
('mp-1018224'),
('mp-1018411'),
('mp-1051901'),
('mp-1051920'),
('mp-1051925'),
('mp-1057283'),
('mp-1057291'),
('mp-1057305'),
('mp-1057314'),
('mp-1058498'),
('mp-1058510'),
('mp-1058525'),
('mp-1058529'),
('mp-1059996'),
('mp-1060031'),
('mp-1060053'),
('mp-1060080'),
('mp-1061051'),
('mp-1061074'),
('mp-1061105'),
('mp-1061121'),
('mp-1064469'),
('mp-1064504'),
('mp-1064525'),
('mp-1064561'),
('mp-1066433'),
('mp-1066444'),
('mp-1066462'),
('mp-1066469'),
('mp-1067395'),
('mp-1067421'),
('mp-1067440'),
('mp-1067450'),
('mp-1067451'),
('mp-1067574'),
('mp-1067704'),
('mp-1067842'),
('mp-1068632'),
('mp-1068701'),
('mp-1068790'),
('mp-1068806'),
('mp-1068822'),
('mp-1068878'),
('mp-1068947'),
('mp-1068960'),
('mp-1068970'),
('mp-1068982'),
('mp-1069013'),
('mp-1069018'),
('mp-1069440'),
('mp-1069448'),
('mp-1069458'),
('mp-1069459'),
('mp-1069462'),
('mp-1069512'),
('mp-1069527'),
('mp-1069563'),
('mp-1069565'),
('mp-1069606'),
('mp-1069621'),
('mp-1069629'),
('mp-1069657'),
('mp-1069686'),
('mp-1069731'),
('mp-1069757'),
('mp-1070237'),
('mp-1070282'),
('mp-1070324'),
('mp-1070362'),
('mp-1070408'),
('mp-1070470'),
('mp-1070522'),
('mp-1070577'),
('mp-1070583'),
('mp-1070593'),
('mp-1070619'),
('mp-1070674'),
('mp-1070677'),
('mp-1070712'),
('mp-1070717'),
('mp-1070734'),
('mp-1070756'),
('mp-1070768'),
('mp-1070776'),
('mp-1070785'),
('mp-1070842'),
('mp-1070877'),
('mp-1070942'),
('mp-1070947'),
('mp-1077777'),
('mp-1078094'),
('mp-1078110'),
('mp-1078485'),
('mp-1079639'),
('mp-1079868'),
('mp-1092253'),
('mp-1095525'),
('mp-1101956'),
('mp-1102075'),
('mp-1103088'),
('mp-1103949'),
('mp-1106237'),
('mp-1114969'),
('mp-1115081'),
('mp-1115375'),
('mp-1115395'),
('mp-1115706'),
('mp-1115786'),
('mp-1116021'),
('mp-1121422'),
('mp-1122042'),
('mp-1124804'),
('mp-1124947'),
('mp-1125186'),
('mp-1126411'),
('mp-1126574'),
('mp-1127229'),
('mp-1127261'),
('mp-1127337'),
('mp-1127643'),
('mp-1128069'),
('mp-1128435'),
('mp-1128688'),
('mp-1129842'),
('mp-1130155'),
('mp-1130205'),
('mp-1130281'),
('mp-1131932'),
('mp-1132749'),
('mp-1133340'),
('mp-1135635'),
('mp-1135693'),
('mp-1136368'),
('mp-1136389'),
('mp-1136493'),
('mp-1136732'),
('mp-1136903'),
('mp-1136937'),
('mp-1139951'),
('mp-1140062'),
('mp-1140668'),
('mp-1140687'),
('mp-1140886'),
('mp-1141117'),
('mp-1141296'),
('mp-1141517'),
('mp-1141782'),
('mp-11422'),
('mp-1142301'),
('mp-1142729'),
('mp-1143390'),
('mp-1143925'),
('mp-1144400'),
('mp-1144407'),
('mp-11483'),
('mp-1149410'),
('mp-1149426'),
('mp-11501'),
('mp-1150351'),
('mp-1150821'),
('mp-1150839'),
('mp-1151080'),
('mp-1152929'),
('mp-1153988'),
('mp-1156942'),
('mp-1157954'),
('mp-1159363'),
('mp-11594'),
('mp-1159573'),
('mp-1159602'),
('mp-1160814'),
('mp-1160881'),
('mp-1161454'),
('mp-1161468'),
('mp-1162708'),
('mp-1162985'),
('mp-1163178'),
('mp-1163593'),
('mp-1163639'),
('mp-1164488'),
('mp-1164932'),
('mp-1164954'),
('mp-1164955'),
('mp-1165068'),
('mp-1165179'),
('mp-1165207'),
('mp-1165733'),
('mp-1165985'),
('mp-1166045'),
('mp-1167195'),
('mp-1167517'),
('mp-1168157'),
('mp-1169558'),
('mp-1169621'),
('mp-1170147'),
('mp-1170763'),
('mp-1171233'),
('mp-1171575'),
('mp-1172005'),
('mp-11743'),
('mp-1181285'),
('mp-1181584'),
('mp-1182583'),
('mp-1185410'),
('mp-1185859'),
('mp-1186271'),
('mp-1188642'),
('mp-1189340'),
('mp-1191035'),
('mp-1196113'),
('mp-1196833'),
('mp-1197174'),
('mp-1197814'),
('mp-1198150'),
('mp-1201065'),
('mp-1203133'),
('mp-1204989'),
('mp-1205321'),
('mp-1216736'),
('mp-1221975'),
('mp-12265'),
('mp-1226850'),
('mp-1230498'),
('mp-1230698'),
('mp-1230762'),
('mp-1231296'),
('mp-1232297'),
('mp-1237143'),
('mp-1237221'),
('mp-1237534'),
('mp-1239745'),
('mp-1239912'),
('mp-1240448'),
('mp-1240549'),
('mp-1240632'),
('mp-1241435'),
('mp-1242371'),
('mp-1242497'),
('mp-1242792'),
('mp-1243095'),
('mp-1243177'),
('mp-1243249'),
('mp-1248793'),
('mp-1249069'),
('mp-1249955'),
('mp-1252832'),
('mp-1253282'),
('mp-1253380'),
('mp-1253944'),
('mp-1257315'),
('mp-1257574'),
('mp-1258160'),
('mp-1258282'),
('mp-1258423'),
('mp-1258485'),
('mp-1258971'),
('mp-1259078'),
('mp-1260453'),
('mp-1260568'),
('mp-1260898'),
('mp-1261378'),
('mp-1262105'),
('mp-1262134'),
('mp-1263063'),
('mp-1263090'),
('mp-1263208'),
('mp-1263233'),
('mp-1263347'),
('mp-1264161'),
('mp-1264673'),
('mp-1264832'),
('mp-1266702'),
('mp-1267114'),
('mp-1267146'),
('mp-1267849'),
('mp-12780'),
('mp-12919'),
('mp-1299942'),
('mp-1300125'),
('mp-1300137'),
('mp-1300528'),
('mp-13070'),
('mp-1325397'),
('mp-1326047'),
('mp-1326726'),
('mp-13272'),
('mp-1327891'),
('mp-1334065'),
('mp-1336758'),
('mp-1337737'),
('mp-13398'),
('mp-1340982'),
('mp-1346666'),
('mp-1349404'),
('mp-1350424'),
('mp-1351082'),
('mp-1353639'),
('mp-1354069'),
('mp-1354679'),
('mp-1355968'),
('mp-1358032'),
('mp-1358106'),
('mp-1358739'),
('mp-1359029'),
('mp-1359931'),
('mp-1363587'),
('mp-1369030'),
('mp-1369150'),
('mp-1371741'),
('mp-1380882'),
('mp-1380926'),
('mp-1381430'),
('mp-1382008'),
('mp-1382615'),
('mp-1385379'),
('mp-1385514'),
('mp-1388362'),
('mp-1390129'),
('mp-1394352'),
('mp-1394765'),
('mp-1401963'),
('mp-1403972'),
('mp-1413775'),
('mp-1414588'),
('mp-1415188'),
('mp-1415337'),
('mp-1415528'),
('mp-1416025'),
('mp-1416220'),
('mp-1417290'),
('mp-1417347'),
('mp-1417397'),
('mp-1418009'),
('mp-1419355'),
('mp-1419904'),
('mp-1420488'),
('mp-1420609'),
('mp-1420624'),
('mp-1422184'),
('mp-1422530'),
('mp-1423010'),
('mp-1423501'),
('mp-1423999'),
('mp-1424480'),
('mp-1424781'),
('mp-1425688'),
('mp-1425788'),
('mp-1426323'),
('mp-1426587'),
('mp-1426726'),
('mp-1426778'),
('mp-1427159'),
('mp-1429770'),
('mp-1430311'),
('mp-1431396'),
('mp-1431723'),
('mp-1432078'),
('mp-1432218'),
('mp-1432625'),
('mp-1434395'),
('mp-1434695'),
('mp-1434885'),
('mp-1435116'),
('mp-1435213'),
('mp-1436276'),
('mp-1437009'),
('mp-1437618'),
('mp-1437701'),
('mp-1437929'),
('mp-1438131'),
('mp-1438502'),
('mp-1438579'),
('mp-1438602'),
('mp-1438908'),
('mp-1438909'),
('mp-1439221'),
('mp-1439568'),
('mp-1439644'),
('mp-1439681'),
('mp-1439862'),
('mp-1439888'),
('mp-1440081'),
('mp-1440498'),
('mp-1441265'),
('mp-1442231'),
('mp-1442345'),
('mp-1443089'),
('mp-1458'),
('mp-1523487'),
('mp-1524249'),
('mp-1524286'),
('mp-1524505'),
('mp-1524911'),
('mp-1525584'),
('mp-1525605'),
('mp-1525606'),
('mp-1536189'),
('mp-1536520'),
('mp-1536828'),
('mp-1537105'),
('mp-1537406'),
('mp-1537649'),
('mp-1538103'),
('mp-1538260'),
('mp-1538351'),
('mp-1538601'),
('mp-1540102'),
('mp-1540818'),
('mp-1540927'),
('mp-1541907'),
('mp-1544239'),
('mp-1546074'),
('mp-1546821'),
('mp-1583518'),
('mp-1586297'),
('mp-1586312'),
('mp-1587511'),
('mp-1587664'),
('mp-1587791'),
('mp-1587830'),
('mp-1588222'),
('mp-1588250'),
('mp-1588332'),
('mp-1588421'),
('mp-1588467'),
('mp-1588690'),
('mp-1589748'),
('mp-1589843'),
('mp-1590137'),
('mp-1590342'),
('mp-1590383'),
('mp-1590563'),
('mp-1591057'),
('mp-1591286'),
('mp-1591344'),
('mp-1591833'),
('mp-1592138'),
('mp-1592201'),
('mp-1592306'),
('mp-1592548'),
('mp-1592934'),
('mp-1593030'),
('mp-1593146'),
('mp-1593983'),
('mp-1594194'),
('mp-1595200'),
('mp-1595664'),
('mp-1595692'),
('mp-1597037'),
('mp-1597180'),
('mp-1597279'),
('mp-1597295'),
('mp-1597924'),
('mp-1598367'),
('mp-1598944'),
('mp-1599172'),
('mp-1599245'),
('mp-1599746'),
('mp-1599763'),
('mp-1599931'),
('mp-1600787');
INSERT INTO `Calculation1K` (`material_id`) VALUES
('mp-1600789'),
('mp-1601011'),
('mp-1601231'),
('mp-1601930'),
('mp-1602237'),
('mp-1602333'),
('mp-1602496'),
('mp-1603464'),
('mp-1604315'),
('mp-1607666'),
('mp-1609765'),
('mp-1610445'),
('mp-1610750'),
('mp-1610772'),
('mp-1610876'),
('mp-1611785'),
('mp-1612626'),
('mp-1615632'),
('mp-1617211'),
('mp-1619829'),
('mp-1620738'),
('mp-1621931'),
('mp-1624219'),
('mp-1625463'),
('mp-1626730'),
('mp-1627315'),
('mp-1629253'),
('mp-1637561'),
('mp-1654458'),
('mp-1660018'),
('mp-1667949'),
('mp-1667995'),
('mp-1670241'),
('mp-1671253'),
('mp-1672060'),
('mp-1672136'),
('mp-1673092'),
('mp-1674159'),
('mp-1674211'),
('mp-1674280'),
('mp-1675118'),
('mp-1675698'),
('mp-1676084'),
('mp-1676597'),
('mp-1676820'),
('mp-1677079'),
('mp-1677343'),
('mp-1677535'),
('mp-1677669'),
('mp-1677678'),
('mp-1678400'),
('mp-1678519'),
('mp-1680054'),
('mp-1680082'),
('mp-1683744'),
('mp-1684908'),
('mp-1686422'),
('mp-1687400'),
('mp-1687777'),
('mp-1688026'),
('mp-1688177'),
('mp-1688396'),
('mp-1688658'),
('mp-1694953'),
('mp-1695483'),
('mp-1695562'),
('mp-1695812'),
('mp-1696052'),
('mp-1696565'),
('mp-1696619'),
('mp-1696652'),
('mp-1697169'),
('mp-1697602'),
('mp-1697860'),
('mp-1697870'),
('mp-1697969'),
('mp-1698594'),
('mp-1699041'),
('mp-1699934'),
('mp-1700102'),
('mp-1700298'),
('mp-1700485'),
('mp-1700490'),
('mp-1700652'),
('mp-1700880'),
('mp-1700957'),
('mp-1701087'),
('mp-1701205'),
('mp-1701254'),
('mp-1702478'),
('mp-1702657'),
('mp-1703303'),
('mp-1703829'),
('mp-1704790'),
('mp-1704968'),
('mp-1705260'),
('mp-1716449'),
('mp-1727476'),
('mp-1731093'),
('mp-1733832'),
('mp-1734098'),
('mp-1734989'),
('mp-1742601'),
('mp-1751163'),
('mp-1752084'),
('mp-1754451'),
('mp-1760264'),
('mp-1760944'),
('mp-1764290'),
('mp-1764757'),
('mp-1766311'),
('mp-1776106'),
('mp-1776133'),
('mp-1776789'),
('mp-1777623'),
('mp-1779415'),
('mp-1779601'),
('mp-1780759'),
('mp-1780867'),
('mp-1781329'),
('mp-1781982'),
('mp-1782244'),
('mp-1782675'),
('mp-1783848'),
('mp-1783983'),
('mp-1784808'),
('mp-1786009'),
('mp-1787034'),
('mp-1787543'),
('mp-1788009'),
('mp-1788345'),
('mp-1788569'),
('mp-1788680'),
('mp-1789267'),
('mp-1791003'),
('mp-1791293'),
('mp-1791337'),
('mp-1791981'),
('mp-1792103'),
('mp-1792244'),
('mp-1793106'),
('mp-1793857'),
('mp-1794589'),
('mp-1795425'),
('mp-1795512'),
('mp-1796073'),
('mp-1796508'),
('mp-1797243'),
('mp-1798653'),
('mp-1798811'),
('mp-1798899'),
('mp-1799646'),
('mp-1801227'),
('mp-1801655'),
('mp-1801658'),
('mp-1802266'),
('mp-1802415'),
('mp-1802529'),
('mp-1803167'),
('mp-1803574'),
('mp-1803794'),
('mp-1806407'),
('mp-1810115'),
('mp-1816090'),
('mp-1816535'),
('mp-1819337'),
('mp-1820911'),
('mp-1827458'),
('mp-1827995'),
('mp-1829004'),
('mp-1830078'),
('mp-1832650'),
('mp-1832928'),
('mp-1833255'),
('mp-1834902'),
('mp-1835695'),
('mp-1836630'),
('mp-1840863'),
('mp-1842058'),
('mp-1842664'),
('mp-1849494'),
('mp-1850198'),
('mp-1860717'),
('mp-1867946'),
('mp-1870475'),
('mp-1870640'),
('mp-1872016'),
('mp-1872275'),
('mp-1872861'),
('mp-1875672'),
('mp-1876575'),
('mp-1878535'),
('mp-1887301'),
('mp-1889274'),
('mp-1891763'),
('mp-1894766'),
('mp-1894768'),
('mp-1895271'),
('mp-1895506'),
('mp-1896600'),
('mp-18972'),
('mp-1897512'),
('mp-1897837'),
('mp-1920487'),
('mp-1921231'),
('mp-1924018'),
('mp-1924669'),
('mp-1928483'),
('mp-1929487'),
('mp-1929731'),
('mp-1930644'),
('mp-1930863'),
('mp-1931161'),
('mp-1932256'),
('mp-1934014'),
('mp-1935076'),
('mp-19959'),
('mp-20025'),
('mp-20490'),
('mp-20700'),
('mp-20735'),
('mp-20779'),
('mp-20789'),
('mp-21242'),
('mp-22263'),
('mp-22522'),
('mp-23033'),
('mp-23164'),
('mp-2436'),
('mp-27303'),
('mp-27339'),
('mp-27893'),
('mp-27985'),
('mp-28295'),
('mp-28607'),
('mp-28698'),
('mp-288'),
('mp-28978'),
('mp-30151'),
('mp-3048'),
('mp-30770'),
('mp-30855'),
('mp-31163'),
('mp-31178'),
('mp-32163'),
('mp-3455'),
('mp-4009'),
('mp-504786'),
('mp-510140'),
('mp-541507'),
('mp-541837'),
('mp-551214'),
('mp-551675'),
('mp-552120'),
('mp-554926'),
('mp-555382'),
('mp-558811'),
('mp-560449'),
('mp-561628'),
('mp-565780'),
('mp-567589'),
('mp-567808'),
('mp-567840'),
('mp-569981'),
('mp-573651'),
('mp-582988'),
('mp-592'),
('mp-613384'),
('mp-613509'),
('mp-614918'),
('mp-618578'),
('mp-622375'),
('mp-641703'),
('mp-642279'),
('mp-643701'),
('mp-655230'),
('mp-655431'),
('mp-656253'),
('mp-657130'),
('mp-657137'),
('mp-657683'),
('mp-657986'),
('mp-659418'),
('mp-659940'),
('mp-660654'),
('mp-660811'),
('mp-661374'),
('mp-661614'),
('mp-662815'),
('mp-663541'),
('mp-664169'),
('mp-664231'),
('mp-664908'),
('mp-665'),
('mp-665179'),
('mp-665212'),
('mp-665229'),
('mp-665298'),
('mp-665302'),
('mp-665365'),
('mp-665511'),
('mp-665869'),
('mp-666015'),
('mp-669316'),
('mp-669744'),
('mp-669750'),
('mp-670416'),
('mp-671087'),
('mp-671218'),
('mp-679086'),
('mp-679202'),
('mp-679964'),
('mp-680346'),
('mp-680651'),
('mp-680894'),
('mp-681216'),
('mp-681335'),
('mp-681348'),
('mp-682789'),
('mp-687762'),
('mp-687863'),
('mp-688918'),
('mp-689025'),
('mp-689049'),
('mp-689455'),
('mp-690711'),
('mp-697267'),
('mp-700377'),
('mp-700896'),
('mp-701092'),
('mp-701541'),
('mp-702728'),
('mp-705546'),
('mp-707535'),
('mp-708874'),
('mp-712464'),
('mp-712945'),
('mp-719442'),
('mp-725538'),
('mp-727083'),
('mp-728775'),
('mp-731959'),
('mp-732312'),
('mp-733325'),
('mp-737055'),
('mp-742998'),
('mp-749706'),
('mp-750429'),
('mp-768457'),
('mp-768484'),
('mp-768486'),
('mp-768500'),
('mp-777615'),
('mp-778'),
('mp-792571'),
('mp-794420'),
('mp-795162'),
('mp-825465'),
('mp-835041'),
('mp-835825'),
('mp-842511'),
('mp-842611'),
('mp-842883'),
('mp-842995'),
('mp-846373'),
('mp-846992'),
('mp-848807'),
('mp-852681'),
('mp-852685'),
('mp-852695'),
('mp-852696'),
('mp-855570'),
('mp-855571'),
('mp-855577'),
('mp-855635'),
('mp-856457'),
('mp-860047'),
('mp-864017'),
('mp-864995'),
('mp-8796'),
('mp-905889'),
('mp-906090'),
('mp-907386'),
('mp-907438'),
('mp-908203'),
('mp-909797'),
('mp-909870'),
('mp-910466'),
('mp-910583'),
('mp-911411'),
('mp-912228'),
('mp-912590'),
('mp-912653'),
('mp-912684'),
('mp-912856'),
('mp-913040'),
('mp-913241'),
('mp-913248'),
('mp-914525'),
('mp-914556'),
('mp-914973'),
('mp-915469'),
('mp-916509'),
('mp-918835'),
('mp-918943'),
('mp-919836'),
('mp-919951'),
('mp-920798'),
('mp-920812'),
('mp-921823'),
('mp-921863'),
('mp-922643'),
('mp-923405'),
('mp-924829'),
('mp-924887'),
('mp-925356'),
('mp-925855'),
('mp-926287'),
('mp-926337'),
('mp-926810'),
('mp-926882'),
('mp-927372'),
('mp-927806'),
('mp-928241'),
('mp-928778'),
('mp-929024'),
('mp-929104'),
('mp-929143'),
('mp-929178'),
('mp-929258'),
('mp-929391'),
('mp-929445'),
('mp-929525'),
('mp-929545'),
('mp-929760'),
('mp-929782'),
('mp-930125'),
('mp-930252'),
('mp-930290'),
('mp-931197'),
('mp-931877'),
('mp-932179'),
('mp-932790'),
('mp-933192'),
('mp-935050'),
('mp-935110'),
('mp-937115'),
('mp-937225'),
('mp-941220'),
('mp-941526'),
('mp-941737'),
('mp-941771'),
('mp-941881'),
('mp-941957'),
('mp-942062'),
('mp-943077'),
('mp-943390'),
('mp-943539'),
('mp-972916'),
('mp-974386'),
('mp-974404'),
('mp-974428'),
('mp-974443'),
('mp-977910'),
('mp-977932'),
('mp-978159'),
('mp-9808'),
('mp-987036'),
('mp-988040'),
('mp-988285'),
('mp-990480'),
('mp-991352'),
('mp-991515'),
('mp-991766'),
('mp-991956'),
('mp-992087'),
('mp-992305'),
('mp-992320'),
('mp-992401'),
('mp-992512'),
('mp-993293'),
('mp-993467'),
('mp-993700'),
('mp-993921'),
('mp-993976'),
('mp-994035'),
('mp-994606'),
('mp-994798'),
('mp-995013'),
('mp-995072'),
('mp-995262'),
('mp-995913'),
('mp-999118'),
('mp-999120'),
('mp-999131'),
('mp-999146'),
('mp-999149'),
('mp-999153'),
('mp-999162'),
('mp-999172');

INSERT INTO `Structure1K` (`material_id`) VALUES
('mp-1000217'),
('mp-1000500'),
('mp-1000517'),
('mp-1000691'),
('mp-1001530'),
('mp-1001696'),
('mp-1002183'),
('mp-1002184'),
('mp-1002187'),
('mp-1002188'),
('mp-1002194'),
('mp-1002195'),
('mp-1002199'),
('mp-1002201'),
('mp-1002204'),
('mp-1002205'),
('mp-1002212'),
('mp-1002214'),
('mp-1002215'),
('mp-1002218'),
('mp-1002225'),
('mp-1002231'),
('mp-1003061'),
('mp-1004656'),
('mp-1005343'),
('mp-1005370'),
('mp-1006366'),
('mp-1006973'),
('mp-1006991'),
('mp-1007150'),
('mp-1008033'),
('mp-1008143'),
('mp-1010315'),
('mp-1010825'),
('mp-1011681'),
('mp-1011715'),
('mp-1011886'),
('mp-1012359'),
('mp-1012461'),
('mp-1018224'),
('mp-1018411'),
('mp-1051901'),
('mp-1051920'),
('mp-1051925'),
('mp-1057283'),
('mp-1057291'),
('mp-1057305'),
('mp-1057314'),
('mp-1058498'),
('mp-1058510'),
('mp-1058525'),
('mp-1058529'),
('mp-1059996'),
('mp-1060031'),
('mp-1060053'),
('mp-1060080'),
('mp-1061051'),
('mp-1061074'),
('mp-1061105'),
('mp-1061121'),
('mp-1064469'),
('mp-1064504'),
('mp-1064525'),
('mp-1064561'),
('mp-1066433'),
('mp-1066444'),
('mp-1066462'),
('mp-1066469'),
('mp-1067395'),
('mp-1067421'),
('mp-1067440'),
('mp-1067450'),
('mp-1067451'),
('mp-1067574'),
('mp-1067704'),
('mp-1067842'),
('mp-1068632'),
('mp-1068701'),
('mp-1068790'),
('mp-1068806'),
('mp-1068822'),
('mp-1068878'),
('mp-1068947'),
('mp-1068960'),
('mp-1068970'),
('mp-1068982'),
('mp-1069013'),
('mp-1069018'),
('mp-1069440'),
('mp-1069448'),
('mp-1069458'),
('mp-1069459'),
('mp-1069462'),
('mp-1069512'),
('mp-1069527'),
('mp-1069563'),
('mp-1069565'),
('mp-1069606'),
('mp-1069621'),
('mp-1069629'),
('mp-1069657'),
('mp-1069686'),
('mp-1069731'),
('mp-1069757'),
('mp-1070237'),
('mp-1070282'),
('mp-1070324'),
('mp-1070362'),
('mp-1070408'),
('mp-1070470'),
('mp-1070522'),
('mp-1070577'),
('mp-1070583'),
('mp-1070593'),
('mp-1070619'),
('mp-1070674'),
('mp-1070677'),
('mp-1070712'),
('mp-1070717'),
('mp-1070734'),
('mp-1070756'),
('mp-1070768'),
('mp-1070776'),
('mp-1070785'),
('mp-1070842'),
('mp-1070877'),
('mp-1070942'),
('mp-1070947'),
('mp-1077777'),
('mp-1078094'),
('mp-1078110'),
('mp-1078485'),
('mp-1079639'),
('mp-1079868'),
('mp-1092253'),
('mp-1095525'),
('mp-1101956'),
('mp-1102075'),
('mp-1103088'),
('mp-1103949'),
('mp-1106237'),
('mp-1114969'),
('mp-1115081'),
('mp-1115375'),
('mp-1115395'),
('mp-1115706'),
('mp-1115786'),
('mp-1116021'),
('mp-1121422'),
('mp-1122042'),
('mp-1124804'),
('mp-1124947'),
('mp-1125186'),
('mp-1126411'),
('mp-1126574'),
('mp-1127229'),
('mp-1127261'),
('mp-1127337'),
('mp-1127643'),
('mp-1128069'),
('mp-1128435'),
('mp-1128688'),
('mp-1129842'),
('mp-1130155'),
('mp-1130205'),
('mp-1130281'),
('mp-1131932'),
('mp-1132749'),
('mp-1133340'),
('mp-1135635'),
('mp-1135693'),
('mp-1136368'),
('mp-1136389'),
('mp-1136493'),
('mp-1136732'),
('mp-1136903'),
('mp-1136937'),
('mp-1139951'),
('mp-1140062'),
('mp-1140668'),
('mp-1140687'),
('mp-1140886'),
('mp-1141117'),
('mp-1141296'),
('mp-1141517'),
('mp-1141782'),
('mp-11422'),
('mp-1142301'),
('mp-1142729'),
('mp-1143390'),
('mp-1143925'),
('mp-1144400'),
('mp-1144407'),
('mp-11483'),
('mp-1149410'),
('mp-1149426'),
('mp-11501'),
('mp-1150351'),
('mp-1150821'),
('mp-1150839'),
('mp-1151080'),
('mp-1152929'),
('mp-1153988'),
('mp-1156942'),
('mp-1157954'),
('mp-1159363'),
('mp-11594'),
('mp-1159573'),
('mp-1159602'),
('mp-1160814'),
('mp-1160881'),
('mp-1161454'),
('mp-1161468'),
('mp-1162708'),
('mp-1162985'),
('mp-1163178'),
('mp-1163593'),
('mp-1163639'),
('mp-1164488'),
('mp-1164932'),
('mp-1164954'),
('mp-1164955'),
('mp-1165068'),
('mp-1165179'),
('mp-1165207'),
('mp-1165733'),
('mp-1165985'),
('mp-1166045'),
('mp-1167195'),
('mp-1167517'),
('mp-1168157'),
('mp-1169558'),
('mp-1169621'),
('mp-1170147'),
('mp-1170763'),
('mp-1171233'),
('mp-1171575'),
('mp-1172005'),
('mp-11743'),
('mp-1181285'),
('mp-1181584'),
('mp-1182583'),
('mp-1185410'),
('mp-1185859'),
('mp-1186271'),
('mp-1188642'),
('mp-1189340'),
('mp-1191035'),
('mp-1196113'),
('mp-1196833'),
('mp-1197174'),
('mp-1197814'),
('mp-1198150'),
('mp-1201065'),
('mp-1203133'),
('mp-1204989'),
('mp-1205321'),
('mp-1216736'),
('mp-1221975'),
('mp-12265'),
('mp-1226850'),
('mp-1230498'),
('mp-1230698'),
('mp-1230762'),
('mp-1231296'),
('mp-1232297'),
('mp-1237143'),
('mp-1237221'),
('mp-1237534'),
('mp-1239745'),
('mp-1239912'),
('mp-1240448'),
('mp-1240549'),
('mp-1240632'),
('mp-1241435'),
('mp-1242371'),
('mp-1242497'),
('mp-1242792'),
('mp-1243095'),
('mp-1243177'),
('mp-1243249'),
('mp-1248793'),
('mp-1249069'),
('mp-1249955'),
('mp-1252832'),
('mp-1253282'),
('mp-1253380'),
('mp-1253944'),
('mp-1257315'),
('mp-1257574'),
('mp-1258160'),
('mp-1258282'),
('mp-1258423'),
('mp-1258485'),
('mp-1258971'),
('mp-1259078'),
('mp-1260453'),
('mp-1260568'),
('mp-1260898'),
('mp-1261378'),
('mp-1262105'),
('mp-1262134'),
('mp-1263063'),
('mp-1263090'),
('mp-1263208'),
('mp-1263233'),
('mp-1263347'),
('mp-1264161'),
('mp-1264673'),
('mp-1264832'),
('mp-1266702'),
('mp-1267114'),
('mp-1267146'),
('mp-1267849'),
('mp-12780'),
('mp-12919'),
('mp-1299942'),
('mp-1300125'),
('mp-1300137'),
('mp-1300528'),
('mp-13070'),
('mp-1325397'),
('mp-1326047'),
('mp-1326726'),
('mp-13272'),
('mp-1327891'),
('mp-1334065'),
('mp-1336758'),
('mp-1337737'),
('mp-13398'),
('mp-1340982'),
('mp-1346666'),
('mp-1349404'),
('mp-1350424'),
('mp-1351082'),
('mp-1353639'),
('mp-1354069'),
('mp-1354679'),
('mp-1355968'),
('mp-1358032'),
('mp-1358106'),
('mp-1358739'),
('mp-1359029'),
('mp-1359931'),
('mp-1363587'),
('mp-1369030'),
('mp-1369150'),
('mp-1371741'),
('mp-1380882'),
('mp-1380926'),
('mp-1381430'),
('mp-1382008'),
('mp-1382615'),
('mp-1385379'),
('mp-1385514'),
('mp-1388362'),
('mp-1390129'),
('mp-1394352'),
('mp-1394765'),
('mp-1401963'),
('mp-1403972'),
('mp-1413775'),
('mp-1414588'),
('mp-1415188'),
('mp-1415337'),
('mp-1415528'),
('mp-1416025'),
('mp-1416220'),
('mp-1417290'),
('mp-1417347'),
('mp-1417397'),
('mp-1418009'),
('mp-1419355'),
('mp-1419904'),
('mp-1420488'),
('mp-1420609'),
('mp-1420624'),
('mp-1422184'),
('mp-1422530'),
('mp-1423010'),
('mp-1423501'),
('mp-1423999'),
('mp-1424480'),
('mp-1424781'),
('mp-1425688'),
('mp-1425788'),
('mp-1426323'),
('mp-1426587'),
('mp-1426726'),
('mp-1426778'),
('mp-1427159'),
('mp-1429770'),
('mp-1430311'),
('mp-1431396'),
('mp-1431723'),
('mp-1432078'),
('mp-1432218'),
('mp-1432625'),
('mp-1434395'),
('mp-1434695'),
('mp-1434885'),
('mp-1435116'),
('mp-1435213'),
('mp-1436276'),
('mp-1437009'),
('mp-1437618'),
('mp-1437701'),
('mp-1437929'),
('mp-1438131'),
('mp-1438502'),
('mp-1438579'),
('mp-1438602'),
('mp-1438908'),
('mp-1438909'),
('mp-1439221'),
('mp-1439568'),
('mp-1439644'),
('mp-1439681'),
('mp-1439862'),
('mp-1439888'),
('mp-1440081'),
('mp-1440498'),
('mp-1441265'),
('mp-1442231'),
('mp-1442345'),
('mp-1443089'),
('mp-1458'),
('mp-1523487'),
('mp-1524249'),
('mp-1524286'),
('mp-1524505'),
('mp-1524911'),
('mp-1525584'),
('mp-1525605'),
('mp-1525606'),
('mp-1536189'),
('mp-1536520'),
('mp-1536828'),
('mp-1537105'),
('mp-1537406'),
('mp-1537649'),
('mp-1538103'),
('mp-1538260'),
('mp-1538351'),
('mp-1538601'),
('mp-1540102'),
('mp-1540818'),
('mp-1540927'),
('mp-1541907'),
('mp-1544239'),
('mp-1546074'),
('mp-1546821'),
('mp-1583518'),
('mp-1586297'),
('mp-1586312'),
('mp-1587511'),
('mp-1587664'),
('mp-1587791'),
('mp-1587830'),
('mp-1588222'),
('mp-1588250'),
('mp-1588332'),
('mp-1588421'),
('mp-1588467'),
('mp-1588690'),
('mp-1589748'),
('mp-1589843'),
('mp-1590137'),
('mp-1590342'),
('mp-1590383'),
('mp-1590563'),
('mp-1591057'),
('mp-1591286'),
('mp-1591344'),
('mp-1591833'),
('mp-1592138'),
('mp-1592201'),
('mp-1592306'),
('mp-1592548'),
('mp-1592934'),
('mp-1593030'),
('mp-1593146'),
('mp-1593983'),
('mp-1594194'),
('mp-1595200'),
('mp-1595664'),
('mp-1595692'),
('mp-1597037'),
('mp-1597180'),
('mp-1597279'),
('mp-1597295'),
('mp-1597924'),
('mp-1598367'),
('mp-1598944'),
('mp-1599172'),
('mp-1599245'),
('mp-1599746'),
('mp-1599763'),
('mp-1599931'),
('mp-1600787');
INSERT INTO `Structure1K` (`material_id`) VALUES
('mp-1600789'),
('mp-1601011'),
('mp-1601231'),
('mp-1601930'),
('mp-1602237'),
('mp-1602333'),
('mp-1602496'),
('mp-1603464'),
('mp-1604315'),
('mp-1607666'),
('mp-1609765'),
('mp-1610445'),
('mp-1610750'),
('mp-1610772'),
('mp-1610876'),
('mp-1611785'),
('mp-1612626'),
('mp-1615632'),
('mp-1617211'),
('mp-1619829'),
('mp-1620738'),
('mp-1621931'),
('mp-1624219'),
('mp-1625463'),
('mp-1626730'),
('mp-1627315'),
('mp-1629253'),
('mp-1637561'),
('mp-1654458'),
('mp-1660018'),
('mp-1667949'),
('mp-1667995'),
('mp-1670241'),
('mp-1671253'),
('mp-1672060'),
('mp-1672136'),
('mp-1673092'),
('mp-1674159'),
('mp-1674211'),
('mp-1674280'),
('mp-1675118'),
('mp-1675698'),
('mp-1676084'),
('mp-1676597'),
('mp-1676820'),
('mp-1677079'),
('mp-1677343'),
('mp-1677535'),
('mp-1677669'),
('mp-1677678'),
('mp-1678400'),
('mp-1678519'),
('mp-1680054'),
('mp-1680082'),
('mp-1683744'),
('mp-1684908'),
('mp-1686422'),
('mp-1687400'),
('mp-1687777'),
('mp-1688026'),
('mp-1688177'),
('mp-1688396'),
('mp-1688658'),
('mp-1694953'),
('mp-1695483'),
('mp-1695562'),
('mp-1695812'),
('mp-1696052'),
('mp-1696565'),
('mp-1696619'),
('mp-1696652'),
('mp-1697169'),
('mp-1697602'),
('mp-1697860'),
('mp-1697870'),
('mp-1697969'),
('mp-1698594'),
('mp-1699041'),
('mp-1699934'),
('mp-1700102'),
('mp-1700298'),
('mp-1700485'),
('mp-1700490'),
('mp-1700652'),
('mp-1700880'),
('mp-1700957'),
('mp-1701087'),
('mp-1701205'),
('mp-1701254'),
('mp-1702478'),
('mp-1702657'),
('mp-1703303'),
('mp-1703829'),
('mp-1704790'),
('mp-1704968'),
('mp-1705260'),
('mp-1716449'),
('mp-1727476'),
('mp-1731093'),
('mp-1733832'),
('mp-1734098'),
('mp-1734989'),
('mp-1742601'),
('mp-1751163'),
('mp-1752084'),
('mp-1754451'),
('mp-1760264'),
('mp-1760944'),
('mp-1764290'),
('mp-1764757'),
('mp-1766311'),
('mp-1776106'),
('mp-1776133'),
('mp-1776789'),
('mp-1777623'),
('mp-1779415'),
('mp-1779601'),
('mp-1780759'),
('mp-1780867'),
('mp-1781329'),
('mp-1781982'),
('mp-1782244'),
('mp-1782675'),
('mp-1783848'),
('mp-1783983'),
('mp-1784808'),
('mp-1786009'),
('mp-1787034'),
('mp-1787543'),
('mp-1788009'),
('mp-1788345'),
('mp-1788569'),
('mp-1788680'),
('mp-1789267'),
('mp-1791003'),
('mp-1791293'),
('mp-1791337'),
('mp-1791981'),
('mp-1792103'),
('mp-1792244'),
('mp-1793106'),
('mp-1793857'),
('mp-1794589'),
('mp-1795425'),
('mp-1795512'),
('mp-1796073'),
('mp-1796508'),
('mp-1797243'),
('mp-1798653'),
('mp-1798811'),
('mp-1798899'),
('mp-1799646'),
('mp-1801227'),
('mp-1801655'),
('mp-1801658'),
('mp-1802266'),
('mp-1802415'),
('mp-1802529'),
('mp-1803167'),
('mp-1803574'),
('mp-1803794'),
('mp-1806407'),
('mp-1810115'),
('mp-1816090'),
('mp-1816535'),
('mp-1819337'),
('mp-1820911'),
('mp-1827458'),
('mp-1827995'),
('mp-1829004'),
('mp-1830078'),
('mp-1832650'),
('mp-1832928'),
('mp-1833255'),
('mp-1834902'),
('mp-1835695'),
('mp-1836630'),
('mp-1840863'),
('mp-1842058'),
('mp-1842664'),
('mp-1849494'),
('mp-1850198'),
('mp-1860717'),
('mp-1867946'),
('mp-1870475'),
('mp-1870640'),
('mp-1872016'),
('mp-1872275'),
('mp-1872861'),
('mp-1875672'),
('mp-1876575'),
('mp-1878535'),
('mp-1887301'),
('mp-1889274'),
('mp-1891763'),
('mp-1894766'),
('mp-1894768'),
('mp-1895271'),
('mp-1895506'),
('mp-1896600'),
('mp-18972'),
('mp-1897512'),
('mp-1897837'),
('mp-1920487'),
('mp-1921231'),
('mp-1924018'),
('mp-1924669'),
('mp-1928483'),
('mp-1929487'),
('mp-1929731'),
('mp-1930644'),
('mp-1930863'),
('mp-1931161'),
('mp-1932256'),
('mp-1934014'),
('mp-1935076'),
('mp-19959'),
('mp-20025'),
('mp-20490'),
('mp-20700'),
('mp-20735'),
('mp-20779'),
('mp-20789'),
('mp-21242'),
('mp-22263'),
('mp-22522'),
('mp-23033'),
('mp-23164'),
('mp-2436'),
('mp-27303'),
('mp-27339'),
('mp-27893'),
('mp-27985'),
('mp-28295'),
('mp-28607'),
('mp-28698'),
('mp-288'),
('mp-28978'),
('mp-30151'),
('mp-3048'),
('mp-30770'),
('mp-30855'),
('mp-31163'),
('mp-31178'),
('mp-32163'),
('mp-3455'),
('mp-4009'),
('mp-504786'),
('mp-510140'),
('mp-541507'),
('mp-541837'),
('mp-551214'),
('mp-551675'),
('mp-552120'),
('mp-554926'),
('mp-555382'),
('mp-558811'),
('mp-560449'),
('mp-561628'),
('mp-565780'),
('mp-567589'),
('mp-567808'),
('mp-567840'),
('mp-569981'),
('mp-573651'),
('mp-582988'),
('mp-592'),
('mp-613384'),
('mp-613509'),
('mp-614918'),
('mp-618578'),
('mp-622375'),
('mp-641703'),
('mp-642279'),
('mp-643701'),
('mp-655230'),
('mp-655431'),
('mp-656253'),
('mp-657130'),
('mp-657137'),
('mp-657683'),
('mp-657986'),
('mp-659418'),
('mp-659940'),
('mp-660654'),
('mp-660811'),
('mp-661374'),
('mp-661614'),
('mp-662815'),
('mp-663541'),
('mp-664169'),
('mp-664231'),
('mp-664908'),
('mp-665'),
('mp-665179'),
('mp-665212'),
('mp-665229'),
('mp-665298'),
('mp-665302'),
('mp-665365'),
('mp-665511'),
('mp-665869'),
('mp-666015'),
('mp-669316'),
('mp-669744'),
('mp-669750'),
('mp-670416'),
('mp-671087'),
('mp-671218'),
('mp-679086'),
('mp-679202'),
('mp-679964'),
('mp-680346'),
('mp-680651'),
('mp-680894'),
('mp-681216'),
('mp-681335'),
('mp-681348'),
('mp-682789'),
('mp-687762'),
('mp-687863'),
('mp-688918'),
('mp-689025'),
('mp-689049'),
('mp-689455'),
('mp-690711'),
('mp-697267'),
('mp-700377'),
('mp-700896'),
('mp-701092'),
('mp-701541'),
('mp-702728'),
('mp-705546'),
('mp-707535'),
('mp-708874'),
('mp-712464'),
('mp-712945'),
('mp-719442'),
('mp-725538'),
('mp-727083'),
('mp-728775'),
('mp-731959'),
('mp-732312'),
('mp-733325'),
('mp-737055'),
('mp-742998'),
('mp-749706'),
('mp-750429'),
('mp-768457'),
('mp-768484'),
('mp-768486'),
('mp-768500'),
('mp-777615'),
('mp-778'),
('mp-792571'),
('mp-794420'),
('mp-795162'),
('mp-825465'),
('mp-835041'),
('mp-835825'),
('mp-842511'),
('mp-842611'),
('mp-842883'),
('mp-842995'),
('mp-846373'),
('mp-846992'),
('mp-848807'),
('mp-852681'),
('mp-852685'),
('mp-852695'),
('mp-852696'),
('mp-855570'),
('mp-855571'),
('mp-855577'),
('mp-855635'),
('mp-856457'),
('mp-860047'),
('mp-864017'),
('mp-864995'),
('mp-8796'),
('mp-905889'),
('mp-906090'),
('mp-907386'),
('mp-907438'),
('mp-908203'),
('mp-909797'),
('mp-909870'),
('mp-910466'),
('mp-910583'),
('mp-911411'),
('mp-912228'),
('mp-912590'),
('mp-912653'),
('mp-912684'),
('mp-912856'),
('mp-913040'),
('mp-913241'),
('mp-913248'),
('mp-914525'),
('mp-914556'),
('mp-914973'),
('mp-915469'),
('mp-916509'),
('mp-918835'),
('mp-918943'),
('mp-919836'),
('mp-919951'),
('mp-920798'),
('mp-920812'),
('mp-921823'),
('mp-921863'),
('mp-922643'),
('mp-923405'),
('mp-924829'),
('mp-924887'),
('mp-925356'),
('mp-925855'),
('mp-926287'),
('mp-926337'),
('mp-926810'),
('mp-926882'),
('mp-927372'),
('mp-927806'),
('mp-928241'),
('mp-928778'),
('mp-929024'),
('mp-929104'),
('mp-929143'),
('mp-929178'),
('mp-929258'),
('mp-929391'),
('mp-929445'),
('mp-929525'),
('mp-929545'),
('mp-929760'),
('mp-929782'),
('mp-930125'),
('mp-930252'),
('mp-930290'),
('mp-931197'),
('mp-931877'),
('mp-932179'),
('mp-932790'),
('mp-933192'),
('mp-935050'),
('mp-935110'),
('mp-937115'),
('mp-937225'),
('mp-941220'),
('mp-941526'),
('mp-941737'),
('mp-941771'),
('mp-941881'),
('mp-941957'),
('mp-942062'),
('mp-943077'),
('mp-943390'),
('mp-943539'),
('mp-972916'),
('mp-974386'),
('mp-974404'),
('mp-974428'),
('mp-974443'),
('mp-977910'),
('mp-977932'),
('mp-978159'),
('mp-9808'),
('mp-987036'),
('mp-988040'),
('mp-988285'),
('mp-990480'),
('mp-991352'),
('mp-991515'),
('mp-991766'),
('mp-991956'),
('mp-992087'),
('mp-992305'),
('mp-992320'),
('mp-992401'),
('mp-992512'),
('mp-993293'),
('mp-993467'),
('mp-993700'),
('mp-993921'),
('mp-993976'),
('mp-994035'),
('mp-994606'),
('mp-994798'),
('mp-995013'),
('mp-995072'),
('mp-995262'),
('mp-995913'),
('mp-999118'),
('mp-999120'),
('mp-999131'),
('mp-999146'),
('mp-999149'),
('mp-999153'),
('mp-999162'),
('mp-999172');


INSERT INTO `Composition1K` (`material_id`, `formula_pretty`) VALUES
('mp-1000217', 'Sr2LiSc(B2O5)2'),
('mp-1000500', 'BaAlGe'),
('mp-1000517', 'Tm(CuGe)2'),
('mp-1000691', 'Fe2P'),
('mp-1001530', 'Er(NiP)2'),
('mp-1001696', 'Tm(CuGe)2'),
('mp-1002183', 'TcB'),
('mp-1002184', 'TcB'),
('mp-1002187', 'TcB'),
('mp-1002188', 'TcB'),
('mp-1002194', 'TcB'),
('mp-1002195', 'TcB'),
('mp-1002199', 'TcB'),
('mp-1002201', 'TcB'),
('mp-1002204', 'TcB'),
('mp-1002205', 'TcB'),
('mp-1002212', 'TcB'),
('mp-1002214', 'TcB'),
('mp-1002215', 'TcB'),
('mp-1002218', 'TcB'),
('mp-1002225', 'TcB'),
('mp-1002231', 'TcB'),
('mp-1003061', 'DyAl3'),
('mp-1004656', 'DyAl3'),
('mp-1005343', 'MgCu'),
('mp-1005370', 'MgCu'),
('mp-1006366', 'Ce2Si3Rh'),
('mp-1006973', 'BaAlGe'),
('mp-1006991', 'Tm(CuGe)2'),
('mp-1007150', 'Fe2P'),
('mp-1008033', 'Er(NiP)2'),
('mp-1008143', 'Tm(CuGe)2'),
('mp-1010315', 'DyAl3'),
('mp-1010825', 'MgCu'),
('mp-1011681', 'BaAlGe'),
('mp-1011715', 'Tm(CuGe)2'),
('mp-1011886', 'Fe2P'),
('mp-1012359', 'Er(NiP)2'),
('mp-1012461', 'Tm(CuGe)2'),
('mp-1018224', 'LaN'),
('mp-1018411', 'LaN'),
('mp-1051901', 'DyAl3'),
('mp-1051920', 'DyAl3'),
('mp-1051925', 'DyAl3'),
('mp-1057283', 'TcB'),
('mp-1057291', 'TcB'),
('mp-1057305', 'TcB'),
('mp-1057314', 'TcB'),
('mp-1058498', 'TcB'),
('mp-1058510', 'TcB'),
('mp-1058525', 'TcB'),
('mp-1058529', 'TcB'),
('mp-1059996', 'TcB'),
('mp-1060031', 'TcB'),
('mp-1060053', 'TcB'),
('mp-1060080', 'TcB'),
('mp-1061051', 'TcB'),
('mp-1061074', 'TcB'),
('mp-1061105', 'TcB'),
('mp-1061121', 'TcB'),
('mp-1064469', 'YbNiC2'),
('mp-1064504', 'YbNiC2'),
('mp-1064525', 'YbNiC2'),
('mp-1064561', 'YbNiC2'),
('mp-1066433', 'TcB'),
('mp-1066444', 'TcB'),
('mp-1066462', 'TcB'),
('mp-1066469', 'TcB'),
('mp-1067395', 'TcB'),
('mp-1067421', 'TcB'),
('mp-1067440', 'TcB'),
('mp-1067450', 'TcB'),
('mp-1067451', 'TcB'),
('mp-1067574', 'TcB'),
('mp-1067704', 'TcB'),
('mp-1067842', 'TcB'),
('mp-1068632', 'Tm(CuGe)2'),
('mp-1068701', 'Tm(CuGe)2'),
('mp-1068790', 'Tm(CuGe)2'),
('mp-1068806', 'Tm(CuGe)2'),
('mp-1068822', 'Tm(CuGe)2'),
('mp-1068878', 'Tm(CuGe)2'),
('mp-1068947', 'Tm(CuGe)2'),
('mp-1068960', 'Bi2Se3'),
('mp-1068970', 'Tm(CuGe)2'),
('mp-1068982', 'Bi2Se3'),
('mp-1069013', 'Bi2Se3'),
('mp-1069018', 'Bi2Se3'),
('mp-1069440', 'Bi2Se3'),
('mp-1069448', 'Bi2Se3'),
('mp-1069458', 'Bi2Se3'),
('mp-1069459', 'Bi2Se3'),
('mp-1069462', 'Yb(MnSi)2'),
('mp-1069512', 'Yb(MnSi)2'),
('mp-1069527', 'Yb(MnSi)2'),
('mp-1069563', 'Yb(MnSi)2'),
('mp-1069565', 'Yb(MnSi)2'),
('mp-1069606', 'Yb(MnSi)2'),
('mp-1069621', 'Yb(MnSi)2'),
('mp-1069629', 'Yb(MnSi)2'),
('mp-1069657', 'Yb(MnSi)2'),
('mp-1069686', 'Yb(MnSi)2'),
('mp-1069731', 'Yb(MnSi)2'),
('mp-1069757', 'Yb(MnSi)2'),
('mp-1070237', 'Tm(CuGe)2'),
('mp-1070282', 'Tm(CuGe)2'),
('mp-1070324', 'Tm(CuGe)2'),
('mp-1070362', 'Tm(CuGe)2'),
('mp-1070408', 'Gd(SiIr)2'),
('mp-1070470', 'Yb(MnSi)2'),
('mp-1070522', 'Yb(MnSi)2'),
('mp-1070577', 'Yb(MnSi)2'),
('mp-1070583', 'ErAu4'),
('mp-1070593', 'Gd(SiIr)2'),
('mp-1070619', 'Yb(MnSi)2'),
('mp-1070674', 'Gd(SiIr)2'),
('mp-1070677', 'ErAu4'),
('mp-1070712', 'Gd(SiIr)2'),
('mp-1070717', 'ErAu4'),
('mp-1070734', 'Bi2Se3'),
('mp-1070756', 'Bi2Se3'),
('mp-1070768', 'ErAu4'),
('mp-1070776', 'Bi2Se3'),
('mp-1070785', 'Bi2Se3'),
('mp-1070842', 'LaPIr'),
('mp-1070877', 'LaPIr'),
('mp-1070942', 'LaPIr'),
('mp-1070947', 'LaPIr'),
('mp-1077777', 'Pr2Bi'),
('mp-1078094', 'Mn(GaS2)2'),
('mp-1078110', 'Mn(GaS2)2'),
('mp-1078485', 'UPt3'),
('mp-1079639', 'UPt3'),
('mp-1079868', 'CeAlCu'),
('mp-1092253', 'UPt3'),
('mp-1095525', 'NdNiSn'),
('mp-1101956', 'ZrCuSi'),
('mp-1102075', 'TbH2ClO2'),
('mp-1103088', 'DyAl3'),
('mp-1103949', 'Cs2LiI3'),
('mp-1106237', 'DyAl3'),
('mp-1114969', 'CsIO3'),
('mp-1115081', 'Mn(GaS2)2'),
('mp-1115375', 'Rb3NbO8'),
('mp-1115395', 'TcB'),
('mp-1115706', 'LiYGa4'),
('mp-1115786', 'BaAlGe'),
('mp-1116021', 'SmInRh'),
('mp-1121422', 'ZrCuSi'),
('mp-1122042', 'Sr2NCl'),
('mp-1124804', 'Sc2AlC'),
('mp-1124947', 'Yb(MnSi)2'),
('mp-1125186', 'U6Fe16Si7'),
('mp-1126411', 'Li2CeSb2'),
('mp-1126574', 'CsIO3'),
('mp-1127229', 'YClO'),
('mp-1127261', 'DyAl3'),
('mp-1127337', 'YClO'),
('mp-1127643', 'Tm(CuGe)2'),
('mp-1128069', 'Rb3NbO8'),
('mp-1128435', 'Li3UO4'),
('mp-1128688', 'PrB2Ir3'),
('mp-1129842', 'UReB3'),
('mp-1130155', 'DyAl3'),
('mp-1130205', 'TlP(HO2)2'),
('mp-1130281', 'TlP(HO2)2'),
('mp-1131932', 'LaPIr'),
('mp-1132749', 'Yb(MnSi)2'),
('mp-1133340', 'Gd(SiIr)2'),
('mp-1135635', 'Fe2P'),
('mp-1135693', 'Er(NiP)2'),
('mp-1136368', 'U6Fe16Si7'),
('mp-1136389', 'Nb3Ir'),
('mp-1136493', 'Na4IrO4'),
('mp-1136732', 'Sr2VO4'),
('mp-1136903', 'SnSe2'),
('mp-1136937', 'SrCuF4'),
('mp-1139951', 'CuAuSe4'),
('mp-1140062', 'BaPdS2'),
('mp-1140668', 'SnSe2'),
('mp-1140687', 'TlP(HO2)2'),
('mp-1140886', 'PtS'),
('mp-1141117', 'YClO'),
('mp-1141296', 'Na4IrO4'),
('mp-1141517', 'Bi2Se3'),
('mp-1141782', 'Sr2NCl'),
('mp-11422', 'GdHg'),
('mp-1142301', 'Bi2Se3'),
('mp-1142729', 'Sb2(SO4)3'),
('mp-1143390', 'TcB'),
('mp-1143925', 'Bi2Se3'),
('mp-1144400', 'B5H9N'),
('mp-1144407', 'ZrCuSi'),
('mp-11483', 'TmIr'),
('mp-1149410', 'Yb3SnC'),
('mp-1149426', 'DyAl3'),
('mp-11501', 'MnNi3'),
('mp-1150351', 'NaAg3O2'),
('mp-1150821', 'LiYGa4'),
('mp-1150839', 'BaAlGe'),
('mp-1151080', 'NdNiSn'),
('mp-1152929', 'Yb(MnSi)2'),
('mp-1153988', 'Mn(GaS2)2'),
('mp-1156942', 'K3Ni2F7'),
('mp-1157954', 'Sr2LiSc(B2O5)2'),
('mp-1159363', 'TcB'),
('mp-11594', 'PrB2Ir3'),
('mp-1159573', 'Rh3F'),
('mp-1159602', 'Mn(GaS2)2'),
('mp-1160814', 'TcB'),
('mp-1160881', 'MgCu'),
('mp-1161454', 'TlP(HO2)2'),
('mp-1161468', 'Mn(GaS2)2'),
('mp-1162708', 'PtS'),
('mp-1162985', 'PtS'),
('mp-1163178', 'Sb2(SO4)3'),
('mp-1163593', 'Sr2VO4'),
('mp-1163639', 'Sb2(SO4)3'),
('mp-1164488', 'Tm(CuGe)2'),
('mp-1164932', 'GdHg'),
('mp-1164954', 'TcB'),
('mp-1164955', 'TiRu'),
('mp-1165068', 'TmIr'),
('mp-1165179', 'TcB'),
('mp-1165207', 'TcB'),
('mp-1165733', 'Ba2S3'),
('mp-1165985', 'Li7P3S11'),
('mp-1166045', 'LuTiGe'),
('mp-1167195', 'BaPdS2'),
('mp-1167517', 'EuZn5'),
('mp-1168157', 'CsIO3'),
('mp-1169558', 'Sb2(SO4)3'),
('mp-1169621', 'Sb2(SO4)3'),
('mp-1170147', 'Sr(GaAu)2'),
('mp-1170763', 'Ce2Si3Rh'),
('mp-1171233', 'H4C(N2O)2'),
('mp-1171575', 'Gd(SiIr)2'),
('mp-1172005', 'MnNi3'),
('mp-11743', 'LiYGa4'),
('mp-1181285', 'Mn(GaS2)2'),
('mp-1181584', 'H4C(N2O)2'),
('mp-1182583', 'Bi2Se3'),
('mp-1185410', 'LiRe3'),
('mp-1185859', 'MgCu'),
('mp-1186271', 'NaMg149'),
('mp-1188642', 'DyAl3'),
('mp-1189340', 'Fe2P'),
('mp-1191035', 'Ce2Si3Rh'),
('mp-1196113', 'TlP(HO2)2'),
('mp-1196833', 'Sr2VO4'),
('mp-1197174', 'H4C(N2O)2'),
('mp-1197814', 'Mn(GaS2)2'),
('mp-1198150', 'Bi2Se3'),
('mp-1201065', 'Li15H9N8'),
('mp-1203133', 'TlP(HO2)2'),
('mp-1204989', 'H4C(N2O)2'),
('mp-1205321', 'PtS'),
('mp-1216736', 'TlP(HO2)2'),
('mp-1221975', 'Mn(GaS2)2'),
('mp-12265', 'SrCuF4'),
('mp-1226850', 'Ce3Sn'),
('mp-1230498', 'ZrCuSi'),
('mp-1230698', 'DyAl3'),
('mp-1230762', 'Cs2LiI3'),
('mp-1231296', 'CuAuSe4'),
('mp-1232297', 'BaPdS2'),
('mp-1237143', 'Mn(GaS2)2'),
('mp-1237221', 'Bi2Se3'),
('mp-1237534', 'Sr2VO4'),
('mp-1239745', 'TlP(HO2)2'),
('mp-1239912', 'BaAlGe'),
('mp-1240448', 'TcB'),
('mp-1240549', 'DyAl3'),
('mp-1240632', 'TcB'),
('mp-1241435', 'Sb2(SO4)3'),
('mp-1242371', 'TcB'),
('mp-1242497', 'Sb2(SO4)3'),
('mp-1242792', 'TcB'),
('mp-1243095', 'PtS'),
('mp-1243177', 'TiRu'),
('mp-1243249', 'Bi2Se3'),
('mp-1248793', 'CeAlCu'),
('mp-1249069', 'Ce2Si3Rh'),
('mp-1249955', 'Ce2Si3Rh'),
('mp-1252832', 'DyAl3'),
('mp-1253282', 'Sc2AlC'),
('mp-1253380', 'DyAl3'),
('mp-1253944', 'Ce2Si3Rh'),
('mp-1257315', 'Sc2AlC'),
('mp-1257574', 'Yb(MnSi)2'),
('mp-1258160', 'ZrCuSi'),
('mp-1258282', 'DyAl3'),
('mp-1258423', 'Yb(MnSi)2'),
('mp-1258485', 'Yb(MnSi)2'),
('mp-1258971', 'BaAlGe'),
('mp-1259078', 'BaAlGe'),
('mp-1260453', 'DyAl3'),
('mp-1260568', 'ZrCuSi'),
('mp-1260898', 'DyAl3'),
('mp-1261378', 'DyAl3'),
('mp-1262105', 'Sc2AlC'),
('mp-1262134', 'DyAl3'),
('mp-1263063', 'DyAl3'),
('mp-1263090', 'BaAlGe'),
('mp-1263208', 'CeAlCu'),
('mp-1263233', 'DyAl3'),
('mp-1263347', 'Ce2Si3Rh'),
('mp-1264161', 'Ce2Si3Rh'),
('mp-1264673', 'Ce2Si3Rh'),
('mp-1264832', 'CeAlCu'),
('mp-1266702', 'DyAl3'),
('mp-1267114', 'ZrCuSi'),
('mp-1267146', 'DyAl3'),
('mp-1267849', 'DyAl3'),
('mp-12780', 'Sr(GaAu)2'),
('mp-12919', 'LaPIr'),
('mp-1299942', 'UPt3'),
('mp-1300125', 'Mn(GaS2)2'),
('mp-1300137', 'CeAlCu'),
('mp-1300528', 'CeCrS2O'),
('mp-13070', 'Sc2AlC'),
('mp-1325397', 'Sr2VO4'),
('mp-1326047', 'Sr2VO4'),
('mp-1326726', 'Sb2(SO4)3'),
('mp-13272', 'BaAlGe'),
('mp-1327891', 'Li15H9N8'),
('mp-1334065', 'B5H9N'),
('mp-1336758', 'Li22Pb5'),
('mp-1337737', 'Sb2(SO4)3'),
('mp-13398', 'Yb(MnSi)2'),
('mp-1340982', 'Li7P3S11'),
('mp-1346666', 'H4C(N2O)2'),
('mp-1349404', 'LuMn5'),
('mp-1350424', 'Sr2LiSc(B2O5)2'),
('mp-1351082', 'Sb2(SO4)3'),
('mp-1353639', 'Mn(GaS2)2'),
('mp-1354069', 'Sr2VO4'),
('mp-1354679', 'TlP(HO2)2'),
('mp-1355968', 'Sb2(SO4)3'),
('mp-1358032', 'Bi2Se3'),
('mp-1358106', 'Sb2(SO4)3'),
('mp-1358739', 'TlP(HO2)2'),
('mp-1359029', 'TlP(HO2)2'),
('mp-1359931', 'Sb2(SO4)3'),
('mp-1363587', 'TcB'),
('mp-1369030', 'H4C(N2O)2'),
('mp-1369150', 'Mn(GaS2)2'),
('mp-1371741', 'U6Fe16Si7'),
('mp-1380882', 'PtS'),
('mp-1380926', 'Ba2S3'),
('mp-1381430', 'K3Ni2F7'),
('mp-1382008', 'TcB'),
('mp-1382615', 'ZrCuSi'),
('mp-1385379', 'TlP(HO2)2'),
('mp-1385514', 'Bi12PtCl12'),
('mp-1388362', 'H4C(N2O)2'),
('mp-1390129', 'Ce3Sn'),
('mp-1394352', 'DyAl3'),
('mp-1394765', 'TlP(HO2)2'),
('mp-1401963', 'YClO'),
('mp-1403972', 'Sc2AlC'),
('mp-1413775', 'LuTiGe'),
('mp-1414588', 'BaPdS2'),
('mp-1415188', 'SrCuF4'),
('mp-1415337', 'BaPdS2'),
('mp-1415528', 'DyAl3'),
('mp-1416025', 'PrB2Ir3'),
('mp-1416220', 'Li3UO4'),
('mp-1417290', 'LiRe3'),
('mp-1417347', 'Ce2Si3Rh'),
('mp-1417397', 'Mn(GaS2)2'),
('mp-1418009', 'TcB'),
('mp-1419355', 'Yb3SnC'),
('mp-1419904', 'NdNiSn'),
('mp-1420488', 'Pr2Bi'),
('mp-1420609', 'Na4IrO4'),
('mp-1420624', 'DyAl3'),
('mp-1422184', 'YClO'),
('mp-1422530', 'CsIO3'),
('mp-1423010', 'SmInRh'),
('mp-1423501', 'TcB'),
('mp-1423999', 'Bi2Se3'),
('mp-1424480', 'ErAu4'),
('mp-1424781', 'Sr(GaAu)2'),
('mp-1425688', 'DyAl3'),
('mp-1425788', 'U6Fe16Si7'),
('mp-1426323', 'Nb3Ir'),
('mp-1426587', 'NaAg3O2'),
('mp-1426726', 'Li2CeSb2'),
('mp-1426778', 'LaPIr'),
('mp-1427159', 'LiYGa4'),
('mp-1429770', 'Rb3NbO8'),
('mp-1430311', 'TcB'),
('mp-1431396', 'LiYbPb'),
('mp-1431723', 'Ce2Si3Rh'),
('mp-1432078', 'Tm(CuGe)2'),
('mp-1432218', 'Rh3F'),
('mp-1432625', 'CsIO3'),
('mp-1434395', 'MgCu'),
('mp-1434695', 'TbH2ClO2'),
('mp-1434885', 'UReB3'),
('mp-1435116', 'CuAuSe4'),
('mp-1435213', 'YClO'),
('mp-1436276', 'TcB'),
('mp-1437009', 'TcB'),
('mp-1437618', 'U2SeN2'),
('mp-1437701', 'Tm(CuGe)2'),
('mp-1437929', 'Ce3Sn'),
('mp-1438131', 'DyAl3'),
('mp-1438502', 'Er(NiP)2'),
('mp-1438579', 'MnNi3'),
('mp-1438602', 'Sr2NCl'),
('mp-1438908', 'YbNiC2'),
('mp-1438909', 'BaAlGe'),
('mp-1439221', 'TmIr'),
('mp-1439568', 'Yb(MnSi)2'),
('mp-1439644', 'PtS'),
('mp-1439681', 'GdHg'),
('mp-1439862', 'Bi2Se3'),
('mp-1439888', 'Gd(SiIr)2'),
('mp-1440081', 'SnSe2'),
('mp-1440498', 'EuZn5'),
('mp-1441265', 'DyAl3'),
('mp-1442231', 'TiRu'),
('mp-1442345', 'Fe2P'),
('mp-1443089', 'Mn(GaS2)2'),
('mp-1458', 'Nb3Ir'),
('mp-1523487', 'GdHg'),
('mp-1524249', 'TmIr'),
('mp-1524286', 'MnNi3'),
('mp-1524505', 'UPt3'),
('mp-1524911', 'SnSe2'),
('mp-1525584', 'Mn(GaS2)2'),
('mp-1525605', 'Fe2P'),
('mp-1525606', 'YClO'),
('mp-1536189', 'PtS'),
('mp-1536520', 'Bi2Se3'),
('mp-1536828', 'TiRu'),
('mp-1537105', 'Nb3Ir'),
('mp-1537406', 'Sr2VO4'),
('mp-1537649', 'Ce3Sn'),
('mp-1538103', 'YClO'),
('mp-1538260', 'ErAu4'),
('mp-1538351', 'EuZn5'),
('mp-1538601', 'DyAl3'),
('mp-1540102', 'SrCuF4'),
('mp-1540818', 'SrCuF4'),
('mp-1540927', 'SnSe2'),
('mp-1541907', 'SnSe2'),
('mp-1544239', 'PtS'),
('mp-1546074', 'Bi2Se3'),
('mp-1546821', 'Mn(GaS2)2'),
('mp-1583518', 'TcB'),
('mp-1586297', 'TmIr'),
('mp-1586312', 'TiRu'),
('mp-1587511', 'PtS'),
('mp-1587664', 'Yb3SnC'),
('mp-1587791', 'LuTiGe'),
('mp-1587830', 'DyAl3'),
('mp-1588222', 'BaPdS2'),
('mp-1588250', 'MnNi3'),
('mp-1588332', 'U2SeN2'),
('mp-1588421', 'Mn(GaS2)2'),
('mp-1588467', 'ErAu4'),
('mp-1588690', 'GdHg'),
('mp-1589748', 'PrB2Ir3'),
('mp-1589843', 'Ce3Sn'),
('mp-1590137', 'Er(NiP)2'),
('mp-1590342', 'Bi2Se3'),
('mp-1590383', 'BaAlGe'),
('mp-1590563', 'Tm(CuGe)2'),
('mp-1591057', 'Nb3Ir'),
('mp-1591286', 'LaPIr'),
('mp-1591344', 'Yb(MnSi)2'),
('mp-1591833', 'Sr2NCl'),
('mp-1592138', 'Pr2Bi'),
('mp-1592201', 'CsIO3'),
('mp-1592306', 'UReB3'),
('mp-1592548', 'Tm(CuGe)2'),
('mp-1592934', 'YClO'),
('mp-1593030', 'DyAl3'),
('mp-1593146', 'YbNiC2'),
('mp-1593983', 'Gd(SiIr)2'),
('mp-1594194', 'Fe2P'),
('mp-1595200', 'Na4IrO4'),
('mp-1595664', 'UPt3'),
('mp-1595692', 'EuZn5'),
('mp-1597037', 'SnSe2'),
('mp-1597180', 'YClO'),
('mp-1597279', 'Ce2Si3Rh'),
('mp-1597295', 'TbH2ClO2'),
('mp-1597924', 'SrCuF4'),
('mp-1598367', 'Rb3NbO8'),
('mp-1598944', 'DyAl3'),
('mp-1599172', 'Sr(GaAu)2'),
('mp-1599245', 'Ba2S3'),
('mp-1599746', 'ZrCuSi'),
('mp-1599763', 'NaAg3O2'),
('mp-1599931', 'LuMn5'),
('mp-1600787', 'SmInRh');
INSERT INTO `Composition1K` (`material_id`, `formula_pretty`) VALUES
('mp-1600789', 'CsIO3'),
('mp-1601011', 'DyAl3'),
('mp-1601231', 'CeAlCu'),
('mp-1601930', 'K3Ni2F7'),
('mp-1602237', 'NdNiSn'),
('mp-1602333', 'CeCrS2O'),
('mp-1602496', 'Mn(GaS2)2'),
('mp-1603464', 'PtS'),
('mp-1604315', 'CuAuSe4'),
('mp-1607666', 'DyAl3'),
('mp-1609765', 'TcB'),
('mp-1610445', 'Bi2Se3'),
('mp-1610750', 'TcB'),
('mp-1610772', 'TcB'),
('mp-1610876', 'TcB'),
('mp-1611785', 'TcB'),
('mp-1612626', 'TcB'),
('mp-1615632', 'BaPdS2'),
('mp-1617211', 'Rh3F'),
('mp-1619829', 'Mn(GaS2)2'),
('mp-1620738', 'Sc2AlC'),
('mp-1621931', 'DyAl3'),
('mp-1624219', 'Ce3Sn'),
('mp-1625463', 'YClO'),
('mp-1626730', 'TlP(HO2)2'),
('mp-1627315', 'TlP(HO2)2'),
('mp-1629253', 'B5H9N'),
('mp-1637561', 'Sb2(SO4)3'),
('mp-1654458', 'Bi12PtCl12'),
('mp-1660018', 'U6Fe16Si7'),
('mp-1667949', 'BaAlGe'),
('mp-1667995', 'Sr2NCl'),
('mp-1670241', 'CuAuSe4'),
('mp-1671253', 'Fe2P'),
('mp-1672060', 'TcB'),
('mp-1672136', 'PtS'),
('mp-1673092', 'TcB'),
('mp-1674159', 'DyAl3'),
('mp-1674211', 'Ce3Sn'),
('mp-1674280', 'Tm(CuGe)2'),
('mp-1675118', 'Bi2Se3'),
('mp-1675698', 'TcB'),
('mp-1676084', 'ZrCuSi'),
('mp-1676597', 'K3Ni2F7'),
('mp-1676820', 'Ba2S3'),
('mp-1677079', 'PtS'),
('mp-1677343', 'YbNiC2'),
('mp-1677535', 'MnNi3'),
('mp-1677669', 'U2SeN2'),
('mp-1677678', 'Er(NiP)2'),
('mp-1678400', 'LuMn5'),
('mp-1678519', 'CeCrS2O'),
('mp-1680054', 'Sb2(SO4)3'),
('mp-1680082', 'U6Fe16Si7'),
('mp-1683744', 'Sb2(SO4)3'),
('mp-1684908', 'TlP(HO2)2'),
('mp-1686422', 'SnSe2'),
('mp-1687400', 'TmIr'),
('mp-1687777', 'UPt3'),
('mp-1688026', 'TcB'),
('mp-1688177', 'CeAlCu'),
('mp-1688396', 'Mn(GaS2)2'),
('mp-1688658', 'TiRu'),
('mp-1694953', 'NaAg3O2'),
('mp-1695483', 'EuZn5'),
('mp-1695562', 'SmInRh'),
('mp-1695812', 'Tm(CuGe)2'),
('mp-1696052', 'LiYGa4'),
('mp-1696565', 'Ce2Si3Rh'),
('mp-1696619', 'DyAl3'),
('mp-1696652', 'SrCuF4'),
('mp-1697169', 'Rb3NbO8'),
('mp-1697602', 'Li2CeSb2'),
('mp-1697860', 'Sr(GaAu)2'),
('mp-1697870', 'Pr2Bi'),
('mp-1697969', 'BaPdS2'),
('mp-1698594', 'Nb3Ir'),
('mp-1699041', 'TbH2ClO2'),
('mp-1699934', 'Li3UO4'),
('mp-1700102', 'Na4IrO4'),
('mp-1700298', 'UReB3'),
('mp-1700485', 'ErAu4'),
('mp-1700490', 'LiYbPb'),
('mp-1700652', 'Yb3SnC'),
('mp-1700880', 'CsIO3'),
('mp-1700957', 'LaPIr'),
('mp-1701087', 'DyAl3'),
('mp-1701205', 'Mn(GaS2)2'),
('mp-1701254', 'LuTiGe'),
('mp-1702478', 'YClO'),
('mp-1702657', 'PrB2Ir3'),
('mp-1703303', 'DyAl3'),
('mp-1703829', 'NdNiSn'),
('mp-1704790', 'CsIO3'),
('mp-1704968', 'YClO'),
('mp-1705260', 'DyAl3'),
('mp-1716449', 'BaPdS2'),
('mp-1727476', 'H4C(N2O)2'),
('mp-1731093', 'TcB'),
('mp-1733832', 'DyAl3'),
('mp-1734098', 'TlP(HO2)2'),
('mp-1734989', 'Ce2Si3Rh'),
('mp-1742601', 'Bi12PtCl12'),
('mp-1751163', 'TlP(HO2)2'),
('mp-1752084', 'Mn(GaS2)2'),
('mp-1754451', 'Sc2AlC'),
('mp-1760264', 'Ce3Sn'),
('mp-1760944', 'YClO'),
('mp-1764290', 'Rh3F'),
('mp-1764757', 'TcB'),
('mp-1766311', 'U6Fe16Si7'),
('mp-1776106', 'DyAl3'),
('mp-1776133', 'Li2CeSb2'),
('mp-1776789', 'NdNiSn'),
('mp-1777623', 'LiYbPb'),
('mp-1779415', 'DyAl3'),
('mp-1779601', 'SrCuF4'),
('mp-1780759', 'Bi2Se3'),
('mp-1780867', 'Mn(GaS2)2'),
('mp-1781329', 'YbNiC2'),
('mp-1781982', 'CsIO3'),
('mp-1782244', 'Sr2NCl'),
('mp-1782675', 'BaAlGe'),
('mp-1783848', 'SnSe2'),
('mp-1783983', 'Gd(SiIr)2'),
('mp-1784808', 'Nb3Ir'),
('mp-1786009', 'LuTiGe'),
('mp-1787034', 'K3Ni2F7'),
('mp-1787543', 'Na4IrO4'),
('mp-1788009', 'YClO'),
('mp-1788345', 'CsIO3'),
('mp-1788569', 'ZrCuSi'),
('mp-1788680', 'BaPdS2'),
('mp-1789267', 'Rb3NbO8'),
('mp-1791003', 'GdHg'),
('mp-1791293', 'LiRe3'),
('mp-1791337', 'TmIr'),
('mp-1791981', 'MgCu'),
('mp-1792103', 'TiRu'),
('mp-1792244', 'TcB'),
('mp-1793106', 'TcB'),
('mp-1793857', 'TcB'),
('mp-1794589', 'MnNi3'),
('mp-1795425', 'TcB'),
('mp-1795512', 'TcB'),
('mp-1796073', 'Fe2P'),
('mp-1796508', 'ErAu4'),
('mp-1797243', 'BaPdS2'),
('mp-1798653', 'Li3UO4'),
('mp-1798811', 'DyAl3'),
('mp-1798899', 'Tm(CuGe)2'),
('mp-1799646', 'PtS'),
('mp-1801227', 'Er(NiP)2'),
('mp-1801655', 'PrB2Ir3'),
('mp-1801658', 'DyAl3'),
('mp-1802266', 'Yb(MnSi)2'),
('mp-1802415', 'LiYGa4'),
('mp-1802529', 'UReB3'),
('mp-1803167', 'Ce3Sn'),
('mp-1803574', 'Ce3Sn'),
('mp-1803794', 'EuZn5'),
('mp-1806407', 'Ba2S3'),
('mp-1810115', 'DyAl3'),
('mp-1816090', 'TlP(HO2)2'),
('mp-1816535', 'TlP(HO2)2'),
('mp-1819337', 'H4C(N2O)2'),
('mp-1820911', 'TlP(HO2)2'),
('mp-1827458', 'NaAg3O2'),
('mp-1827995', 'Pr2Bi'),
('mp-1829004', 'SmInRh'),
('mp-1830078', 'CeAlCu'),
('mp-1832650', 'Bi2Se3'),
('mp-1832928', 'CeCrS2O'),
('mp-1833255', 'Yb3SnC'),
('mp-1834902', 'Fe2P'),
('mp-1835695', 'Pu3Co'),
('mp-1836630', 'DyAl3'),
('mp-1840863', 'U6Fe16Si7'),
('mp-1842058', 'H4C(N2O)2'),
('mp-1842664', 'U6Fe16Si7'),
('mp-1849494', 'B5H9N'),
('mp-1850198', 'Sb2(SO4)3'),
('mp-1860717', 'U2SeN2'),
('mp-1867946', 'Mn(GaS2)2'),
('mp-1870475', 'Sr(GaAu)2'),
('mp-1870640', 'YClO'),
('mp-1872016', 'Mn(GaS2)2'),
('mp-1872275', 'H4C(N2O)2'),
('mp-1872861', 'Sb2(SO4)3'),
('mp-1875672', 'Ce2Si3Rh'),
('mp-1876575', 'Rh3F'),
('mp-1878535', 'Sc2AlC'),
('mp-1887301', 'Bi2Se3'),
('mp-1889274', 'Sb2(SO4)3'),
('mp-1891763', 'Cs2LiI3'),
('mp-1894766', 'Sb2(SO4)3'),
('mp-1894768', 'Sr2VO4'),
('mp-1895271', 'TlP(HO2)2'),
('mp-1895506', 'TlP(HO2)2'),
('mp-1896600', 'Mn(GaS2)2'),
('mp-18972', 'Sr2VO4'),
('mp-1897512', 'Sr2LiSc(B2O5)2'),
('mp-1897837', 'Bi12PtCl12'),
('mp-1920487', 'Li7P3S11'),
('mp-1921231', 'Sr2VO4'),
('mp-1924018', 'YClO'),
('mp-1924669', 'UPt3'),
('mp-1928483', 'LaPIr'),
('mp-1929487', 'Mn(GaS2)2'),
('mp-1929731', 'Li15H9N8'),
('mp-1930644', 'Sb2(SO4)3'),
('mp-1930863', 'TbH2ClO2'),
('mp-1931161', 'Tm(CuGe)2'),
('mp-1932256', 'TcB'),
('mp-1934014', 'Ce2Si3Rh'),
('mp-1935076', 'PtS'),
('mp-19959', 'LuTiGe'),
('mp-20025', 'Mn(GaS2)2'),
('mp-20490', 'NdNiSn'),
('mp-20700', 'Gd(SiIr)2'),
('mp-20735', 'Ce3Sn'),
('mp-20779', 'Li2CeSb2'),
('mp-20789', 'SmInRh'),
('mp-21242', 'LiYbPb'),
('mp-22263', 'Yb3SnC'),
('mp-22522', 'ZrCuSi'),
('mp-23033', 'Sr2NCl'),
('mp-23164', 'Bi2Se3'),
('mp-2436', 'EuZn5'),
('mp-27303', 'NaAg3O2'),
('mp-27339', 'Sb2(SO4)3'),
('mp-27893', 'B5H9N'),
('mp-27985', 'YClO'),
('mp-28295', 'CsIO3'),
('mp-28607', 'UReB3'),
('mp-28698', 'Na4IrO4'),
('mp-288', 'PtS'),
('mp-28978', 'Ba2S3'),
('mp-30151', 'CuAuSe4'),
('mp-3048', 'U2SeN2'),
('mp-30770', 'LuMn5'),
('mp-30855', 'UPt3'),
('mp-31163', 'Ce2Si3Rh'),
('mp-31178', 'DyAl3'),
('mp-32163', 'Rb3NbO8'),
('mp-3455', 'Er(NiP)2'),
('mp-4009', 'BaPdS2'),
('mp-504786', 'YClO'),
('mp-510140', 'Pu3Co'),
('mp-541507', 'Sr2VO4'),
('mp-541837', 'Bi2Se3'),
('mp-551214', 'CeCrS2O'),
('mp-551675', 'Li3UO4'),
('mp-552120', 'YClO'),
('mp-554926', 'Sr2VO4'),
('mp-555382', 'Sr2VO4'),
('mp-558811', 'PtS'),
('mp-560449', 'K3Ni2F7'),
('mp-561628', 'CeCrS2O'),
('mp-565780', 'Sr2VO4'),
('mp-567589', 'DyAl3'),
('mp-567808', 'Tm(CuGe)2'),
('mp-567840', 'Tm(CuGe)2'),
('mp-569981', 'DyAl3'),
('mp-573651', 'Li22Pb5'),
('mp-582988', 'Bi12PtCl12'),
('mp-592', 'TiRu'),
('mp-613384', 'CsIO3'),
('mp-613509', 'PtS'),
('mp-614918', 'YClO'),
('mp-618578', 'Sr2VO4'),
('mp-622375', 'Mn(GaS2)2'),
('mp-641703', 'Li7P3S11'),
('mp-642279', 'U6Fe16Si7'),
('mp-643701', 'TlP(HO2)2'),
('mp-655230', 'YClO'),
('mp-655431', 'TiRu'),
('mp-656253', 'Mn(GaS2)2'),
('mp-657130', 'TiRu'),
('mp-657137', 'TiRu'),
('mp-657683', 'B5H9N'),
('mp-657986', 'Bi12PtCl12'),
('mp-659418', 'Mn(GaS2)2'),
('mp-659940', 'YClO'),
('mp-660654', 'YClO'),
('mp-660811', 'Ba2S3'),
('mp-661374', 'YClO'),
('mp-661614', 'Rb3NbO8'),
('mp-662815', 'Mn(GaS2)2'),
('mp-663541', 'Sr2NCl'),
('mp-664169', 'Sr2NCl'),
('mp-664231', 'Li7P3S11'),
('mp-664908', 'Mn(GaS2)2'),
('mp-665', 'SnSe2'),
('mp-665179', 'PtS'),
('mp-665212', 'PtS'),
('mp-665229', 'PtS'),
('mp-665298', 'CsIO3'),
('mp-665302', 'Bi2Se3'),
('mp-665365', 'B5H9N'),
('mp-665511', 'NaAg3O2'),
('mp-665869', 'Sr2LiSc(B2O5)2'),
('mp-666015', 'Bi12PtCl12'),
('mp-669316', 'CsIO3'),
('mp-669744', 'BaPdS2'),
('mp-669750', 'YClO'),
('mp-670416', 'Ba2S3'),
('mp-671087', 'Rb3NbO8'),
('mp-671218', 'SnSe2'),
('mp-679086', 'Sr2NCl'),
('mp-679202', 'Li7P3S11'),
('mp-679964', 'Bi2Se3'),
('mp-680346', 'B5H9N'),
('mp-680651', 'NaAg3O2'),
('mp-680894', 'SrCuF4'),
('mp-681216', 'Sr2LiSc(B2O5)2'),
('mp-681335', 'Bi12PtCl12'),
('mp-681348', 'Sr2VO4'),
('mp-682789', 'YClO'),
('mp-687762', 'SnSe2'),
('mp-687863', 'SnSe2'),
('mp-688918', 'YClO'),
('mp-689025', 'BaPdS2'),
('mp-689049', 'YClO'),
('mp-689455', 'CsIO3'),
('mp-690711', 'TlP(HO2)2'),
('mp-697267', 'TlP(HO2)2'),
('mp-700377', 'Li7P3S11'),
('mp-700896', 'Bi2Se3'),
('mp-701092', 'SrCuF4'),
('mp-701541', 'Sr2VO4'),
('mp-702728', 'YClO'),
('mp-705546', 'Sb2(SO4)3'),
('mp-707535', 'H4C(N2O)2'),
('mp-708874', 'YClO'),
('mp-712464', 'SrCuF4'),
('mp-712945', 'Sr2VO4'),
('mp-719442', 'Sb2(SO4)3'),
('mp-725538', 'TlP(HO2)2'),
('mp-727083', 'TlP(HO2)2'),
('mp-728775', 'H4C(N2O)2'),
('mp-731959', 'TlP(HO2)2'),
('mp-732312', 'TlP(HO2)2'),
('mp-733325', 'H4C(N2O)2'),
('mp-737055', 'H4C(N2O)2'),
('mp-742998', 'TlP(HO2)2'),
('mp-749706', 'TlP(HO2)2'),
('mp-750429', 'TlP(HO2)2'),
('mp-768457', 'Sb2(SO4)3'),
('mp-768484', 'Sb2(SO4)3'),
('mp-768486', 'Sb2(SO4)3'),
('mp-768500', 'Sb2(SO4)3'),
('mp-777615', 'Sb2(SO4)3'),
('mp-778', 'Fe2P'),
('mp-792571', 'Sb2(SO4)3'),
('mp-794420', 'Sb2(SO4)3'),
('mp-795162', 'Sb2(SO4)3'),
('mp-825465', 'K3Ni2F7'),
('mp-835041', 'K3Ni2F7'),
('mp-835825', 'K3Ni2F7'),
('mp-842511', 'BaPdS2'),
('mp-842611', 'Ba2S3'),
('mp-842883', 'NaAg3O2'),
('mp-842995', 'BaPdS2'),
('mp-846373', 'Sb2(SO4)3'),
('mp-846992', 'Sb2(SO4)3'),
('mp-848807', 'TlP(HO2)2'),
('mp-852681', 'Sb2(SO4)3'),
('mp-852685', 'Sb2(SO4)3'),
('mp-852695', 'Sb2(SO4)3'),
('mp-852696', 'Sb2(SO4)3'),
('mp-855570', 'Sb2(SO4)3'),
('mp-855571', 'Sb2(SO4)3'),
('mp-855577', 'Sb2(SO4)3'),
('mp-855635', 'Sb2(SO4)3'),
('mp-856457', 'Sb2(SO4)3'),
('mp-860047', 'TlP(HO2)2'),
('mp-864017', 'TlP(HO2)2'),
('mp-864995', 'DyAl3'),
('mp-8796', 'Sr2LiSc(B2O5)2'),
('mp-905889', 'LaPIr'),
('mp-906090', 'Sc2AlC'),
('mp-907386', 'Li2CeSb2'),
('mp-907438', 'CsIO3'),
('mp-908203', 'UReB3'),
('mp-909797', 'U2SeN2'),
('mp-909870', 'Bi2Se3'),
('mp-910466', 'ZrCuSi'),
('mp-910583', 'LuTiGe'),
('mp-911411', 'CuAuSe4'),
('mp-912228', 'Ce3Sn'),
('mp-912590', 'Nb3Ir'),
('mp-912653', 'LuMn5'),
('mp-912684', 'NdNiSn'),
('mp-912856', 'PrB2Ir3'),
('mp-913040', 'LiYGa4'),
('mp-913241', 'DyAl3'),
('mp-913248', 'DyAl3'),
('mp-914525', 'DyAl3'),
('mp-914556', 'Sr(GaAu)2'),
('mp-914973', 'U6Fe16Si7'),
('mp-915469', 'Yb(MnSi)2'),
('mp-916509', 'Mn(GaS2)2'),
('mp-918835', 'LaPIr'),
('mp-918943', 'Sc2AlC'),
('mp-919836', 'LaPIr'),
('mp-919951', 'Sc2AlC'),
('mp-920798', 'Li2CeSb2'),
('mp-920812', 'CsIO3'),
('mp-921823', 'Li2CeSb2'),
('mp-921863', 'CsIO3'),
('mp-922643', 'UReB3'),
('mp-923405', 'UReB3'),
('mp-924829', 'U2SeN2'),
('mp-924887', 'Bi2Se3'),
('mp-925356', 'U2SeN2'),
('mp-925855', 'Bi2Se3'),
('mp-926287', 'ZrCuSi'),
('mp-926337', 'LuTiGe'),
('mp-926810', 'ZrCuSi'),
('mp-926882', 'LuTiGe'),
('mp-927372', 'CuAuSe4'),
('mp-927806', 'CuAuSe4'),
('mp-928241', 'Ce3Sn'),
('mp-928778', 'Ce3Sn'),
('mp-929024', 'Nb3Ir'),
('mp-929104', 'NdNiSn'),
('mp-929143', 'LuMn5'),
('mp-929178', 'PrB2Ir3'),
('mp-929258', 'LiYGa4'),
('mp-929391', 'Nb3Ir'),
('mp-929445', 'NdNiSn'),
('mp-929525', 'LuMn5'),
('mp-929545', 'PrB2Ir3'),
('mp-929760', 'DyAl3'),
('mp-929782', 'DyAl3'),
('mp-930125', 'LiYGa4'),
('mp-930252', 'DyAl3'),
('mp-930290', 'DyAl3'),
('mp-931197', 'Yb(MnSi)2'),
('mp-931877', 'Mn(GaS2)2'),
('mp-932179', 'Yb(MnSi)2'),
('mp-932790', 'UPt3'),
('mp-933192', 'Ce2Si3Rh'),
('mp-935050', 'TmIr'),
('mp-935110', 'Li22Pb5'),
('mp-937115', 'Pu3Co'),
('mp-937225', 'Mn(GaS2)2'),
('mp-941220', 'Pu3Co'),
('mp-941526', 'Pu3Co'),
('mp-941737', 'TmIr'),
('mp-941771', 'Li22Pb5'),
('mp-941881', 'TmIr'),
('mp-941957', 'Li22Pb5'),
('mp-942062', 'UPt3'),
('mp-943077', 'UPt3'),
('mp-943390', 'Ce2Si3Rh'),
('mp-943539', 'Ce2Si3Rh'),
('mp-972916', 'MgCu'),
('mp-974386', 'Rh3F'),
('mp-974404', 'Rh3F'),
('mp-974428', 'Rh3F'),
('mp-974443', 'Rh3F'),
('mp-977910', 'DyAl3'),
('mp-977932', 'Sr(GaAu)2'),
('mp-978159', 'DyAl3'),
('mp-9808', 'Rb3NbO8'),
('mp-987036', 'Na4IrO4'),
('mp-988040', 'Na4IrO4'),
('mp-988285', 'Na4IrO4'),
('mp-990480', 'Yb3SnC'),
('mp-991352', 'LiYbPb'),
('mp-991515', 'MnNi3'),
('mp-991766', 'Li3UO4'),
('mp-991956', 'EuZn5'),
('mp-992087', 'U6Fe16Si7'),
('mp-992305', 'Li3UO4'),
('mp-992320', 'U6Fe16Si7'),
('mp-992401', 'SmInRh'),
('mp-992512', 'Sr(GaAu)2'),
('mp-993293', 'LiYbPb'),
('mp-993467', 'MnNi3'),
('mp-993700', 'EuZn5'),
('mp-993921', 'Li3UO4'),
('mp-993976', 'SmInRh'),
('mp-994035', 'U6Fe16Si7'),
('mp-994606', 'LiYbPb'),
('mp-994798', 'MnNi3'),
('mp-995013', 'EuZn5'),
('mp-995072', 'SmInRh'),
('mp-995262', 'Sb2(SO4)3'),
('mp-995913', 'Sb2(SO4)3'),
('mp-999118', 'TcB'),
('mp-999120', 'TcB'),
('mp-999131', 'TcB'),
('mp-999146', 'TcB'),
('mp-999149', 'TcB'),
('mp-999153', 'TcB'),
('mp-999162', 'TcB'),
('mp-999172', 'TcB');


INSERT INTO `FormationEnergy1K` (`material_id`, `energy`) VALUES
('mp-1000217', -552.581),
('mp-1000500', -11.7012),
('mp-1000517', -24.2128),
('mp-1000691', -71.1087),
('mp-1001530', -31.9835),
('mp-1001696', -23.4766),
('mp-1002183', -16.7562),
('mp-1002184', -15.6019),
('mp-1002187', -17.057),
('mp-1002188', -17.6047),
('mp-1002194', -16.7486),
('mp-1002195', -15.6024),
('mp-1002199', -16.7465),
('mp-1002201', -15.608),
('mp-1002204', -17.6042),
('mp-1002205', -17.054),
('mp-1002212', -15.3521),
('mp-1002214', -16.9667),
('mp-1002215', -17.6048),
('mp-1002218', -17.0549),
('mp-1002225', -17.127),
('mp-1002231', -15.9653),
('mp-1003061', -35.1216),
('mp-1004656', -35.1265),
('mp-1005343', -11.76),
('mp-1005370', -11.7601),
('mp-1006366', -81.7037),
('mp-1006973', -11.7026),
('mp-1006991', -24.2125),
('mp-1007150', -71.0446),
('mp-1008033', -31.9871),
('mp-1008143', -23.4794),
('mp-1010315', -35.226),
('mp-1010825', -11.8381),
('mp-1011681', -10.848),
('mp-1011715', -23.8674),
('mp-1011886', -71.1887),
('mp-1012359', -31.6573),
('mp-1012461', -24.0894),
('mp-1018224', -31.3623),
('mp-1018411', -31.3648),
('mp-1051901', -35.0927),
('mp-1051920', -35.0868),
('mp-1051925', -35.2267),
('mp-1057283', -16.7405),
('mp-1057291', -16.7512),
('mp-1057305', -16.9569),
('mp-1057314', -16.7476),
('mp-1058498', -17.0618),
('mp-1058510', -17.0545),
('mp-1058525', -16.0161),
('mp-1058529', -17.0541),
('mp-1059996', -17.6053),
('mp-1060031', -17.6037),
('mp-1060053', -17.1281),
('mp-1060080', -17.6049),
('mp-1061051', -15.594),
('mp-1061074', -15.6024),
('mp-1061105', -15.429),
('mp-1061121', -15.6081),
('mp-1064469', -27.0101),
('mp-1064504', -27.0107),
('mp-1064525', -27.0929),
('mp-1064561', -27.0216),
('mp-1066433', -34.5816),
('mp-1066444', -34.5771),
('mp-1066462', -34.3905),
('mp-1066469', -34.5804),
('mp-1067395', -34.9668),
('mp-1067421', -34.9632),
('mp-1067440', -34.6103),
('mp-1067450', -34.9675),
('mp-1067451', -17.5528),
('mp-1067574', -17.5529),
('mp-1067704', -17.5513),
('mp-1067842', -17.5513),
('mp-1068632', -23.9899),
('mp-1068701', -24.0008),
('mp-1068790', -23.0502),
('mp-1068806', -24.4073),
('mp-1068822', -23.9884),
('mp-1068878', -24.0005),
('mp-1068947', -23.0578),
('mp-1068960', -20.1754),
('mp-1068970', -24.4082),
('mp-1068982', -20.1812),
('mp-1069013', -19.7456),
('mp-1069018', -20.236),
('mp-1069440', -20.1868),
('mp-1069448', -20.1868),
('mp-1069458', -20.2446),
('mp-1069459', -19.8628),
('mp-1069462', -33.0177),
('mp-1069512', -33.0177),
('mp-1069527', -33.0171),
('mp-1069563', -33.0169),
('mp-1069565', -32.5281),
('mp-1069606', -32.915),
('mp-1069621', -33.0181),
('mp-1069629', -32.5291),
('mp-1069657', -32.9134),
('mp-1069686', -33.0179),
('mp-1069731', -32.5254),
('mp-1069757', -32.9164),
('mp-1070237', -23.9828),
('mp-1070282', -23.9925),
('mp-1070324', -23.0459),
('mp-1070362', -24.3761),
('mp-1070408', -48.0415),
('mp-1070470', -33.018),
('mp-1070522', -33.0182),
('mp-1070577', -32.5218),
('mp-1070583', -20.6591),
('mp-1070593', -48.0506),
('mp-1070619', -32.9175),
('mp-1070674', -46.5947),
('mp-1070677', -20.668),
('mp-1070712', -48.0615),
('mp-1070717', -20.2144),
('mp-1070734', -20.1772),
('mp-1070756', -20.1832),
('mp-1070768', -20.4597),
('mp-1070776', -19.7516),
('mp-1070785', -20.236),
('mp-1070842', -45.5564),
('mp-1070877', -45.5522),
('mp-1070942', -45.1158),
('mp-1070947', -45.4736),
('mp-1077777', -30.9722),
('mp-1078094', -36.393),
('mp-1078110', -35.4703),
('mp-1078485', -64.9187),
('mp-1079639', -64.9184),
('mp-1079868', -44.2364),
('mp-1092253', -64.9176),
('mp-1095525', -65.7186),
('mp-1101956', -80.2721),
('mp-1102075', -71.4349),
('mp-1103088', -52.6295),
('mp-1103949', -33.5555),
('mp-1106237', -87.6851),
('mp-1114969', -44.1904),
('mp-1115081', -72.8176),
('mp-1115375', -138.187),
('mp-1115395', -17.6047),
('mp-1115706', -23.5109),
('mp-1115786', -11.6002),
('mp-1116021', -50.7864),
('mp-1121422', -232.243),
('mp-1122042', -68.5248),
('mp-1124804', -96.8132),
('mp-1124947', -33.0176),
('mp-1125186', -252.593),
('mp-1126411', -255.986),
('mp-1126574', -88.2986),
('mp-1127229', -100.14),
('mp-1127261', -145.737),
('mp-1127337', -104.657),
('mp-1127643', -123.078),
('mp-1128069', -163.091),
('mp-1128435', -158.039),
('mp-1128688', -276.394),
('mp-1129842', -398.718),
('mp-1130155', -291.472),
('mp-1130205', -511.533),
('mp-1130281', -511.801),
('mp-1131932', -257.539),
('mp-1132749', -33.0171),
('mp-1133340', -48.0574),
('mp-1135635', -143.602),
('mp-1135693', -108.818),
('mp-1136368', -252.579),
('mp-1136389', -345.436),
('mp-1136493', -125.983),
('mp-1136732', -108.322),
('mp-1136903', -77.0763),
('mp-1136937', -139.665),
('mp-1139951', -330.971),
('mp-1140062', -40.5712),
('mp-1140668', -13.795),
('mp-1140687', -187.943),
('mp-1140886', -22.0229),
('mp-1141117', -44.9294),
('mp-1141296', -45.3588),
('mp-1141517', -80.2161),
('mp-1141782', -19.151),
('mp-11422', -15.4092),
('mp-1142301', -20.1836),
('mp-1142729', -402.621),
('mp-1143390', -43.1172),
('mp-1143925', -875.081),
('mp-1144400', -648.428),
('mp-1144407', -80.2845),
('mp-11483', -15.2268),
('mp-1149410', -192.534),
('mp-1149426', -72.8658),
('mp-11501', -26.9448),
('mp-1150351', -228.616),
('mp-1150821', -99.1855),
('mp-1150839', -67.9379),
('mp-1151080', -391.046),
('mp-1152929', -109.948),
('mp-1153988', -95.7426),
('mp-1156942', -114.582),
('mp-1157954', -832.222),
('mp-1159363', -85.9668),
('mp-11594', -48.3492),
('mp-1159573', -104.164),
('mp-1159602', -573.64),
('mp-1160814', -85.4794),
('mp-1160881', -40.8152),
('mp-1161454', -1024.06),
('mp-1161468', -573.64),
('mp-1162708', -162.061),
('mp-1162985', -162.061),
('mp-1163178', -403.977),
('mp-1163593', -861.724),
('mp-1163639', -403.961),
('mp-1164488', -122.349),
('mp-1164932', -128.247),
('mp-1164954', -40.9493),
('mp-1164955', -52.6749),
('mp-1165068', -125.323),
('mp-1165179', -42.1664),
('mp-1165207', -42.4901),
('mp-1165733', -234.689),
('mp-1165985', -349.365),
('mp-1166045', -185.349),
('mp-1167195', -194.562),
('mp-1167517', -122.932),
('mp-1168157', -197.169),
('mp-1169558', -809.257),
('mp-1169621', -807.807),
('mp-1170147', -394.282),
('mp-1170763', -163.341),
('mp-1171233', -304.26),
('mp-1171575', -227.301),
('mp-1172005', -67.8641),
('mp-11743', -23.4981),
('mp-1181285', -217.038),
('mp-1181584', -273.445),
('mp-1182583', -16.8295),
('mp-1185410', -38.4282),
('mp-1185859', -11.7715),
('mp-1186271', -243.33),
('mp-1188642', -87.6852),
('mp-1189340', -142.232),
('mp-1191035', -163.313),
('mp-1196113', -375.896),
('mp-1196833', -389.461),
('mp-1197174', -274.275),
('mp-1197814', -217.049),
('mp-1198150', -155.75),
('mp-1201065', -282.897),
('mp-1203133', -375.918),
('mp-1204989', -264.061),
('mp-1205321', -87.4347),
('mp-1216736', -187.946),
('mp-1221975', -35.9989),
('mp-12265', -59.6614),
('mp-1226850', -22.2699),
('mp-1230498', -232.243),
('mp-1230698', -364.432),
('mp-1230762', -395.659),
('mp-1231296', -330.959),
('mp-1232297', -19.6141),
('mp-1237143', -217.1),
('mp-1237221', -20.1811),
('mp-1237534', -365.072),
('mp-1239745', -511.532),
('mp-1239912', -67.9376),
('mp-1240448', -40.9493),
('mp-1240549', -72.8662),
('mp-1240632', -43.1186),
('mp-1241435', -402.538),
('mp-1242371', -42.4902),
('mp-1242497', -403.957),
('mp-1242792', -42.1666),
('mp-1243095', -162.063),
('mp-1243177', -52.675),
('mp-1243249', -218.879),
('mp-1248793', -44.2263),
('mp-1249069', -81.6716),
('mp-1249955', -163.337),
('mp-1252832', -16.9473),
('mp-1253282', -54.7594),
('mp-1253380', -16.9719),
('mp-1253944', -81.67),
('mp-1257315', -19.2466),
('mp-1257574', -33.017),
('mp-1258160', -80.2763),
('mp-1258282', -1.07773),
('mp-1258423', -33.0155),
('mp-1258485', -91.5289),
('mp-1258971', -11.6102),
('mp-1259078', -1.87515),
('mp-1260453', -16.9473),
('mp-1260568', -52.8047),
('mp-1260898', -16.9473),
('mp-1261378', -1.07773),
('mp-1262105', -54.7881),
('mp-1262134', -16.9719),
('mp-1263063', -16.9473),
('mp-1263090', -11.6102),
('mp-1263208', -1197.58),
('mp-1263233', -1.07773),
('mp-1263347', -1676.95),
('mp-1264161', -163.347),
('mp-1264673', -823.81),
('mp-1264832', -44.1866),
('mp-1266702', -1.07773),
('mp-1267114', -80.274),
('mp-1267146', -16.9719),
('mp-1267849', -16.9719),
('mp-12780', -34.5484),
('mp-12919', -45.5541),
('mp-1299942', -64.1127),
('mp-1300125', -35.5202),
('mp-1300137', -44.2403),
('mp-1300528', -72.1994),
('mp-13070', -54.7752),
('mp-1325397', -387.283),
('mp-1326047', -359.673),
('mp-1326726', -407.86),
('mp-13272', -11.7051),
('mp-1327891', -283.89),
('mp-1334065', -602.072),
('mp-1336758', -271.876),
('mp-1337737', -813.765),
('mp-13398', -33.0169),
('mp-1340982', -184.875),
('mp-1346666', -264.276),
('mp-1349404', -98.5441),
('mp-1350424', -552.802),
('mp-1351082', -408.49),
('mp-1353639', -217.147),
('mp-1354069', -384.334),
('mp-1354679', -376.119),
('mp-1355968', -202.591),
('mp-1358032', -155.667),
('mp-1358106', -203.751),
('mp-1358739', -376.021),
('mp-1359029', -187.995),
('mp-1359931', -203.986),
('mp-1363587', -17.5495),
('mp-1369030', -273.871),
('mp-1369150', -217.004),
('mp-1371741', -252.738),
('mp-1380882', -87.4972),
('mp-1380926', -48.6791),
('mp-1381430', -50.9614),
('mp-1382008', -17.6048),
('mp-1382615', -80.3075),
('mp-1385379', -187.925),
('mp-1385514', -90.6036),
('mp-1388362', -273.772),
('mp-1390129', -22.3375),
('mp-1394352', -35.1168),
('mp-1394765', -187.762),
('mp-1401963', -40.6699),
('mp-1403972', -54.791),
('mp-1413775', -38.2656),
('mp-1414588', -19.6522),
('mp-1415188', -59.8061),
('mp-1415337', -40.5041),
('mp-1415528', -52.6637),
('mp-1416025', -48.3812),
('mp-1416220', -57.6504),
('mp-1417290', -38.4148),
('mp-1417347', -81.7209),
('mp-1417397', -36.4102),
('mp-1418009', -34.9696),
('mp-1419355', -11.8597),
('mp-1419904', -65.7255),
('mp-1420488', -30.9439),
('mp-1420609', -45.3464),
('mp-1420624', -70.2101),
('mp-1422184', -44.7747),
('mp-1422530', -12.2464),
('mp-1423010', -51.0026),
('mp-1423501', -15.5988),
('mp-1423999', -80.2372),
('mp-1424480', -20.651),
('mp-1424781', -34.4814),
('mp-1425688', -87.6969),
('mp-1425788', -252.406),
('mp-1426323', -81.506),
('mp-1426587', -45.2541),
('mp-1426726', -42.6431),
('mp-1426778', -45.5461),
('mp-1427159', -23.4952),
('mp-1429770', -69.0583),
('mp-1430311', -34.5671),
('mp-1431396', -25.7296),
('mp-1431723', -163.323),
('mp-1432078', -23.487),
('mp-1432218', -23.1222),
('mp-1432625', -44.1569),
('mp-1434395', -11.7563),
('mp-1434695', -71.4562),
('mp-1434885', -93.0956),
('mp-1435116', -43.6566),
('mp-1435213', -45.055),
('mp-1436276', -17.055),
('mp-1437009', -16.7435),
('mp-1437618', -50.1925),
('mp-1437701', -23.9997),
('mp-1437929', -23.4524),
('mp-1438131', -16.9872),
('mp-1438502', -31.9846),
('mp-1438579', -26.9488),
('mp-1438602', -19.2493),
('mp-1438908', -27.0218),
('mp-1438909', -11.7152),
('mp-1439221', -15.1482),
('mp-1439568', -32.4717),
('mp-1439644', -22.0375),
('mp-1439681', -15.4152),
('mp-1439862', -20.1989),
('mp-1439888', -42.9116),
('mp-1440081', -12.0186),
('mp-1440498', -18.1569),
('mp-1441265', -17.5353),
('mp-1442231', -18.6951),
('mp-1442345', -71.1803),
('mp-1443089', -36.0202),
('mp-1458', -81.518),
('mp-1523487', -128.299),
('mp-1524249', -125.324),
('mp-1524286', -67.8482),
('mp-1524505', -634.837),
('mp-1524911', -77.1092),
('mp-1525584', -95.8276),
('mp-1525605', -143.756),
('mp-1525606', -104.819),
('mp-1536189', -161.858),
('mp-1536520', -219.057),
('mp-1536828', -52.7169),
('mp-1537105', -345.488),
('mp-1537406', -108.298),
('mp-1537649', -171.738),
('mp-1538103', -104.73),
('mp-1538260', -330.609),
('mp-1538351', -123.142),
('mp-1538601', -145.773),
('mp-1540102', -59.8377),
('mp-1540818', -59.8376),
('mp-1540927', -12.0209),
('mp-1541907', -12.0102),
('mp-1544239', -647.484),
('mp-1546074', -875.1),
('mp-1546821', -573.701),
('mp-1583518', -17.5475),
('mp-1586297', -14.6708),
('mp-1586312', -18.7325),
('mp-1587511', -21.7516),
('mp-1587664', -11.7436),
('mp-1587791', -37.5406),
('mp-1587830', -17.7079),
('mp-1588222', -39.0841),
('mp-1588250', -25.3182),
('mp-1588332', -50.2063),
('mp-1588421', -36.0474),
('mp-1588467', -21.266),
('mp-1588690', -15.6461),
('mp-1589748', -47.1013),
('mp-1589843', -23.451),
('mp-1590137', -31.632),
('mp-1590342', -17.7143),
('mp-1590383', -10.7726),
('mp-1590563', -23.9118),
('mp-1591057', -81.7848),
('mp-1591286', -45.4094),
('mp-1591344', -32.2932),
('mp-1591833', -18.8886),
('mp-1592138', -30.7748),
('mp-1592201', -12.6507),
('mp-1592306', -92.2212),
('mp-1592548', -23.6113),
('mp-1592934', -44.6257),
('mp-1593030', -16.9332),
('mp-1593146', -27.1182),
('mp-1593983', -40.8329),
('mp-1594194', -71.1856),
('mp-1595200', -45.3251),
('mp-1595664', -63.7172),
('mp-1595692', -17.7061),
('mp-1597037', -10.5314),
('mp-1597180', -44.7148),
('mp-1597279', -81.4963),
('mp-1597295', -71.4073),
('mp-1597924', -59.628),
('mp-1598367', -69.0233),
('mp-1598944', -70.6892),
('mp-1599172', -34.4613),
('mp-1599245', -48.7118),
('mp-1599746', -80.129),
('mp-1599763', -45.0903),
('mp-1599931', -98.4671),
('mp-1600787', -51.1969);
INSERT INTO `FormationEnergy1K` (`material_id`, `energy`) VALUES
('mp-1600789', -44.0769),
('mp-1601011', -53.1788),
('mp-1601231', -44.099),
('mp-1601930', -50.6265),
('mp-1602237', -65.6195),
('mp-1602333', -71.337),
('mp-1602496', -32.9397),
('mp-1603464', -87.5723),
('mp-1604315', -44.4612),
('mp-1607666', -88.6855),
('mp-1609765', -16.0264),
('mp-1610445', -79.785),
('mp-1610750', -17.1308),
('mp-1610772', -16.9566),
('mp-1610876', -34.6113),
('mp-1611785', -34.3904),
('mp-1612626', -15.4289),
('mp-1615632', -18.8141),
('mp-1617211', -23.2141),
('mp-1619829', -35.4443),
('mp-1620738', -55.9988),
('mp-1621931', -35.2317),
('mp-1624219', -22.2509),
('mp-1625463', -39.8937),
('mp-1626730', -187.762),
('mp-1627315', -187.902),
('mp-1629253', -602.064),
('mp-1637561', -407.884),
('mp-1654458', -90.618),
('mp-1660018', -252.355),
('mp-1667949', -11.7009),
('mp-1667995', -19.2495),
('mp-1670241', -43.6734),
('mp-1671253', -71.039),
('mp-1672060', -17.0538),
('mp-1672136', -22.1001),
('mp-1673092', -16.7488),
('mp-1674159', -87.7594),
('mp-1674211', -23.3895),
('mp-1674280', -24.0015),
('mp-1675118', -80.2388),
('mp-1675698', -17.605),
('mp-1676084', -80.3127),
('mp-1676597', -50.9614),
('mp-1676820', -48.6789),
('mp-1677079', -87.7095),
('mp-1677343', -27.0277),
('mp-1677535', -26.9212),
('mp-1677669', -50.1833),
('mp-1677678', -31.9872),
('mp-1678400', -98.5279),
('mp-1678519', -72.3101),
('mp-1680054', -203.752),
('mp-1680082', -252.856),
('mp-1683744', -408.489),
('mp-1684908', -376.119),
('mp-1686422', -12.0182),
('mp-1687400', -15.1997),
('mp-1687777', -64.0937),
('mp-1688026', -15.6082),
('mp-1688177', -44.2246),
('mp-1688396', -35.4868),
('mp-1688658', -18.7123),
('mp-1694953', -45.2727),
('mp-1695483', -18.2),
('mp-1695562', -50.9893),
('mp-1695812', -23.4836),
('mp-1696052', -23.5045),
('mp-1696565', -81.7155),
('mp-1696619', -52.688),
('mp-1696652', -59.6278),
('mp-1697169', -69.0594),
('mp-1697602', -42.5942),
('mp-1697860', -34.5479),
('mp-1697870', -30.978),
('mp-1697969', -40.5676),
('mp-1698594', -81.5772),
('mp-1699041', -71.4567),
('mp-1699934', -57.6445),
('mp-1700102', -45.3425),
('mp-1700298', -93.0932),
('mp-1700485', -20.677),
('mp-1700490', -25.7236),
('mp-1700652', -11.8497),
('mp-1700880', -44.1527),
('mp-1700957', -45.5572),
('mp-1701087', -17.5223),
('mp-1701205', -36.3994),
('mp-1701254', -38.2751),
('mp-1702478', -45.0566),
('mp-1702657', -48.3969),
('mp-1703303', -16.9722),
('mp-1703829', -65.7228),
('mp-1704790', -12.1978),
('mp-1704968', -44.7764),
('mp-1705260', -70.2307),
('mp-1716449', -19.0472),
('mp-1727476', -273.772),
('mp-1731093', -34.5794),
('mp-1733832', -35.126),
('mp-1734098', -187.925),
('mp-1734989', -163.625),
('mp-1742601', -90.6115),
('mp-1751163', -187.763),
('mp-1752084', -36.0096),
('mp-1754451', -54.7646),
('mp-1760264', -22.4094),
('mp-1760944', -40.672),
('mp-1764290', -23.1476),
('mp-1764757', -34.9687),
('mp-1766311', -252.485),
('mp-1776106', -52.621),
('mp-1776133', -42.984),
('mp-1776789', -65.7254),
('mp-1777623', -25.7296),
('mp-1779415', -35.1169),
('mp-1779601', -59.8054),
('mp-1780759', -20.1989),
('mp-1780867', -35.5202),
('mp-1781329', -27.0232),
('mp-1781982', -12.1864),
('mp-1782244', -19.2492),
('mp-1782675', -11.7152),
('mp-1783848', -12.0187),
('mp-1783983', -42.9706),
('mp-1784808', -81.506),
('mp-1786009', -38.2668),
('mp-1787034', -52.3734),
('mp-1787543', -45.3465),
('mp-1788009', -45.055),
('mp-1788345', -44.157),
('mp-1788569', -80.3005),
('mp-1788680', -40.5041),
('mp-1789267', -69.058),
('mp-1791003', -15.4012),
('mp-1791293', -38.4148),
('mp-1791337', -15.2302),
('mp-1791981', -11.7562),
('mp-1792103', -18.6961),
('mp-1792244', -34.9696),
('mp-1793106', -16.7686),
('mp-1793857', -17.6048),
('mp-1794589', -26.9648),
('mp-1795425', -34.5671),
('mp-1795512', -15.5989),
('mp-1796073', -71.1801),
('mp-1796508', -20.669),
('mp-1797243', -19.6168),
('mp-1798653', -57.65),
('mp-1798811', -17.5292),
('mp-1798899', -24.2183),
('mp-1799646', -22.0437),
('mp-1801227', -31.9846),
('mp-1801655', -48.3817),
('mp-1801658', -16.9605),
('mp-1802266', -33.0404),
('mp-1802415', -23.495),
('mp-1802529', -93.0956),
('mp-1803167', -23.4577),
('mp-1803574', -22.3368),
('mp-1803794', -18.0919),
('mp-1806407', -48.6792),
('mp-1810115', -70.21),
('mp-1816090', -187.925),
('mp-1816535', -187.763),
('mp-1819337', -273.871),
('mp-1820911', -187.995),
('mp-1827458', -45.2542),
('mp-1827995', -30.9318),
('mp-1829004', -51.0026),
('mp-1830078', -44.2451),
('mp-1832650', -16.7575),
('mp-1832928', -72.196),
('mp-1833255', -12.3992),
('mp-1834902', -142.37),
('mp-1835695', -93.904),
('mp-1836630', -87.6881),
('mp-1840863', -252.737),
('mp-1842058', -273.773),
('mp-1842664', -252.413),
('mp-1849494', -602.073),
('mp-1850198', -407.861),
('mp-1860717', -50.1924),
('mp-1867946', -36.0204),
('mp-1870475', -34.6072),
('mp-1870640', -44.7746),
('mp-1872016', -217.179),
('mp-1872275', -264.277),
('mp-1872861', -203.988),
('mp-1875672', -163.339),
('mp-1876575', -23.1223),
('mp-1878535', -54.7909),
('mp-1887301', -80.2375),
('mp-1889274', -203.751),
('mp-1891763', -33.6795),
('mp-1894766', -408.487),
('mp-1894768', -387.662),
('mp-1895271', -376.12),
('mp-1895506', -376.021),
('mp-1896600', -217.153),
('mp-18972', -48.5298),
('mp-1897512', -552.703),
('mp-1897837', -90.6014),
('mp-1920487', -184.876),
('mp-1921231', -48.5371),
('mp-1924018', -40.6699),
('mp-1924669', -64.8444),
('mp-1928483', -45.546),
('mp-1929487', -36.4104),
('mp-1929731', -283.003),
('mp-1930644', -202.591),
('mp-1930863', -71.4563),
('mp-1931161', -23.4905),
('mp-1932256', -17.0556),
('mp-1934014', -81.7215),
('mp-1935076', -87.5001),
('mp-19959', -38.2832),
('mp-20025', -36.3915),
('mp-20490', -65.7138),
('mp-20700', -48.0339),
('mp-20735', -23.435),
('mp-20779', -42.8782),
('mp-20789', -50.9939),
('mp-21242', -25.7174),
('mp-22263', -12.3974),
('mp-22522', -80.3018),
('mp-23033', -19.2491),
('mp-23164', -80.2284),
('mp-2436', -18.0935),
('mp-27303', -45.2299),
('mp-27339', -408.214),
('mp-27893', -601.999),
('mp-27985', -44.777),
('mp-28295', -44.1137),
('mp-28607', -93.0739),
('mp-28698', -45.329),
('mp-288', -22.0221),
('mp-28978', -48.6552),
('mp-30151', -43.6201),
('mp-3048', -50.1834),
('mp-30770', -99.4897),
('mp-30855', -64.6872),
('mp-31163', -163.403),
('mp-31178', -16.9701),
('mp-32163', -67.0034),
('mp-3455', -31.9856),
('mp-4009', -40.4871),
('mp-504786', -44.7755),
('mp-510140', -96.8538),
('mp-541507', -409.337),
('mp-541837', -20.1845),
('mp-551214', -76.3495),
('mp-551675', -57.5982),
('mp-552120', -45.0546),
('mp-554926', -387.46),
('mp-555382', -411.503),
('mp-558811', -22.022),
('mp-560449', -51.8704),
('mp-561628', -72.0946),
('mp-565780', -389.674),
('mp-567589', -17.5293),
('mp-567808', -24.2111),
('mp-567840', -23.4859),
('mp-569981', -70.2427),
('mp-573651', -271.461),
('mp-582988', -90.5743),
('mp-592', -18.7096),
('mp-613384', -12.1719),
('mp-613509', -22.0908),
('mp-614918', -40.6691),
('mp-618578', -389.675),
('mp-622375', -217.103),
('mp-641703', -184.773),
('mp-642279', -252.555),
('mp-643701', -187.728),
('mp-655230', -40.6691),
('mp-655431', -18.6941),
('mp-656253', -36.3922),
('mp-657130', -18.713),
('mp-657137', -18.7117),
('mp-657683', -602.001),
('mp-657986', -90.5744),
('mp-659418', -36.3901),
('mp-659940', -40.6696),
('mp-660654', -40.6714),
('mp-660811', -48.655),
('mp-661374', -39.8935),
('mp-661614', -68.9529),
('mp-662815', -217.106),
('mp-663541', -19.2491),
('mp-664169', -19.2496),
('mp-664231', -184.774),
('mp-664908', -36.0717),
('mp-665', -12.0198),
('mp-665179', -22.0216),
('mp-665212', -22.0908),
('mp-665229', -21.7265),
('mp-665298', -41.6875),
('mp-665302', -80.2254),
('mp-665365', -602.001),
('mp-665511', -45.2308),
('mp-665869', -552.619),
('mp-666015', -90.5826),
('mp-669316', -44.1778),
('mp-669744', -40.4871),
('mp-669750', -45.0547),
('mp-670416', -48.6552),
('mp-671087', -68.8316),
('mp-671218', -12.0198),
('mp-679086', -18.8883),
('mp-679202', -184.774),
('mp-679964', -80.2271),
('mp-680346', -601.992),
('mp-680651', -45.2518),
('mp-680894', -59.6624),
('mp-681216', -552.621),
('mp-681335', -90.5859),
('mp-681348', -389.675),
('mp-682789', -44.7764),
('mp-687762', -12.0204),
('mp-687863', -10.53),
('mp-688918', -45.0561),
('mp-689025', -40.7732),
('mp-689049', -44.7142),
('mp-689455', -44.107),
('mp-690711', -187.883),
('mp-697267', -376.017),
('mp-700377', -184.882),
('mp-700896', -79.7677),
('mp-701092', -59.5412),
('mp-701541', -389.674),
('mp-702728', -44.778),
('mp-705546', -408.25),
('mp-707535', -273.708),
('mp-708874', -44.6274),
('mp-712464', -59.6588),
('mp-712945', -389.649),
('mp-719442', -408.184),
('mp-725538', -187.884),
('mp-727083', -187.859),
('mp-728775', -273.709),
('mp-731959', -187.729),
('mp-732312', -376.017),
('mp-733325', -273.709),
('mp-737055', -273.534),
('mp-742998', -187.729),
('mp-749706', -187.728),
('mp-750429', -376.015),
('mp-768457', -407.65),
('mp-768484', -202.481),
('mp-768486', -203.879),
('mp-768500', -203.648),
('mp-777615', -813.314),
('mp-778', -71.1061),
('mp-792571', -813.323),
('mp-794420', -813.325),
('mp-795162', -813.324),
('mp-825465', -55.113),
('mp-835041', -54.9014),
('mp-835825', -54.5593),
('mp-842511', -40.5579),
('mp-842611', -48.6874),
('mp-842883', -45.0619),
('mp-842995', -40.7732),
('mp-846373', -408.251),
('mp-846992', -408.149),
('mp-848807', -187.884),
('mp-852681', -202.481),
('mp-852685', -407.65),
('mp-852695', -203.647),
('mp-852696', -203.881),
('mp-855570', -407.651),
('mp-855571', -202.481),
('mp-855577', -203.881),
('mp-855635', -203.647),
('mp-856457', -203.664),
('mp-860047', -187.862),
('mp-864017', -376.017),
('mp-864995', -35.1331),
('mp-8796', -552.618),
('mp-905889', -45.5538),
('mp-906090', -54.7628),
('mp-907386', -42.6062),
('mp-907438', -12.2251),
('mp-908203', -93.074),
('mp-909797', -49.8851),
('mp-909870', -20.1863),
('mp-910466', -80.3029),
('mp-910583', -38.2721),
('mp-911411', -43.6235),
('mp-912228', -23.3556),
('mp-912590', -81.5635),
('mp-912653', -98.4411),
('mp-912684', -65.7154),
('mp-912856', -48.3631),
('mp-913040', -23.5016),
('mp-913241', -17.5217),
('mp-913248', -16.9711),
('mp-914525', -70.2276),
('mp-914556', -34.5373),
('mp-914973', -252.533),
('mp-915469', -32.457),
('mp-916509', -216.934),
('mp-918835', -45.5575),
('mp-918943', -54.7663),
('mp-919836', -45.3966),
('mp-919951', -55.9537),
('mp-920798', -42.6011),
('mp-920812', -12.231),
('mp-921823', -42.5939),
('mp-921863', -12.7709),
('mp-922643', -93.0905),
('mp-923405', -92.2264),
('mp-924829', -49.8933),
('mp-924887', -20.1869),
('mp-925356', -49.9731),
('mp-925855', -17.6445),
('mp-926287', -80.3058),
('mp-926337', -38.2766),
('mp-926810', -80.1167),
('mp-926882', -37.6512),
('mp-927372', -43.6465),
('mp-927806', -44.5032),
('mp-928241', -23.358),
('mp-928778', -23.4649),
('mp-929024', -81.5625),
('mp-929104', -65.7243),
('mp-929143', -98.4606),
('mp-929178', -48.3936),
('mp-929258', -23.5013),
('mp-929391', -81.7775),
('mp-929445', -65.6357),
('mp-929525', -98.4205),
('mp-929545', -47.0808),
('mp-929760', -17.5217),
('mp-929782', -16.9711),
('mp-930125', -21.6129),
('mp-930252', -17.6994),
('mp-930290', -16.9625),
('mp-931197', -32.4764),
('mp-931877', -216.955),
('mp-932179', -32.2909),
('mp-932790', -64.8934),
('mp-933192', -81.7151),
('mp-935050', -15.1827),
('mp-935110', -271.501),
('mp-937115', -93.4991),
('mp-937225', -216.89),
('mp-941220', -93.3623),
('mp-941526', -94.3962),
('mp-941737', -15.1924),
('mp-941771', -271.509),
('mp-941881', -14.6615),
('mp-941957', -271.489),
('mp-942062', -64.8949),
('mp-943077', -64.492),
('mp-943390', -81.7076),
('mp-943539', -81.3411),
('mp-972916', -11.7652),
('mp-974386', -23.1165),
('mp-974404', -23.1185),
('mp-974428', -23.1473),
('mp-974443', -23.213),
('mp-977910', -70.2236),
('mp-977932', -34.5429),
('mp-978159', -70.6542),
('mp-9808', -68.9525),
('mp-987036', -45.3351),
('mp-988040', -45.3322),
('mp-988285', -45.3049),
('mp-990480', -12.3974),
('mp-991352', -25.7195),
('mp-991515', -26.9329),
('mp-991766', -57.5993),
('mp-991956', -18.1366),
('mp-992087', -252.533),
('mp-992305', -57.6404),
('mp-992320', -252.656),
('mp-992401', -50.9874),
('mp-992512', -34.4554),
('mp-993293', -25.7227),
('mp-993467', -26.9241),
('mp-993700', -18.1366),
('mp-993921', -57.3633),
('mp-993976', -50.9903),
('mp-994035', -252.486),
('mp-994606', -24.6608),
('mp-994798', -25.3015),
('mp-995013', -17.629),
('mp-995072', -51.2842),
('mp-995262', -203.871),
('mp-995913', -407.652),
('mp-999118', -34.5816),
('mp-999120', -34.9617),
('mp-999131', -34.5752),
('mp-999146', -34.5804),
('mp-999149', -34.3714),
('mp-999153', -34.9639),
('mp-999162', -34.9676),
('mp-999172', -34.6051);


INSERT INTO `SpaceGroup1K` (`material_id`, `spacegroup`) VALUES
('mp-1000217', 'P2_1/c'),
('mp-1000500', 'P-6m2'),
('mp-1000517', 'I4/mmm'),
('mp-1000691', 'P-62m'),
('mp-1001530', 'I4/mmm'),
('mp-1001696', 'I4/mmm'),
('mp-1002183', 'Pm-3m'),
('mp-1002184', 'F-43m'),
('mp-1002187', 'Fm-3m'),
('mp-1002188', 'P-6m2'),
('mp-1002194', 'Pm-3m'),
('mp-1002195', 'F-43m'),
('mp-1002199', 'Pm-3m'),
('mp-1002201', 'F-43m'),
('mp-1002204', 'P-6m2'),
('mp-1002205', 'Fm-3m'),
('mp-1002212', 'F-43m'),
('mp-1002214', 'Pm-3m'),
('mp-1002215', 'P-6m2'),
('mp-1002218', 'Fm-3m'),
('mp-1002225', 'P-6m2'),
('mp-1002231', 'Fm-3m'),
('mp-1003061', 'P6_3/mmc'),
('mp-1004656', 'P6_3/mmc'),
('mp-1005343', 'Pmma'),
('mp-1005370', 'Pmma'),
('mp-1006366', 'P6/mmm'),
('mp-1006973', 'P-6m2'),
('mp-1006991', 'I4/mmm'),
('mp-1007150', 'P-62m'),
('mp-1008033', 'I4/mmm'),
('mp-1008143', 'I4/mmm'),
('mp-1010315', 'P6_3/mmc'),
('mp-1010825', 'Pmma'),
('mp-1011681', 'P-6m2'),
('mp-1011715', 'I4/mmm'),
('mp-1011886', 'P-62m'),
('mp-1012359', 'I4/mmm'),
('mp-1012461', 'I4/mmm'),
('mp-1018224', 'P4/nmm'),
('mp-1018411', 'P4/nmm'),
('mp-1051901', 'P6_3/mmc'),
('mp-1051920', 'P6_3/mmc'),
('mp-1051925', 'P6_3/mmc'),
('mp-1057283', 'Pm-3m'),
('mp-1057291', 'Pm-3m'),
('mp-1057305', 'Pm-3m'),
('mp-1057314', 'Pm-3m'),
('mp-1058498', 'Fm-3m'),
('mp-1058510', 'Fm-3m'),
('mp-1058525', 'Fm-3m'),
('mp-1058529', 'Fm-3m'),
('mp-1059996', 'P-6m2'),
('mp-1060031', 'P-6m2'),
('mp-1060053', 'P-6m2'),
('mp-1060080', 'P-6m2'),
('mp-1061051', 'F-43m'),
('mp-1061074', 'F-43m'),
('mp-1061105', 'F-43m'),
('mp-1061121', 'F-43m'),
('mp-1064469', 'Amm2'),
('mp-1064504', 'Amm2'),
('mp-1064525', 'Amm2'),
('mp-1064561', 'Amm2'),
('mp-1066433', 'P6_3/mmc'),
('mp-1066444', 'P6_3/mmc'),
('mp-1066462', 'P6_3/mmc'),
('mp-1066469', 'P6_3/mmc'),
('mp-1067395', 'P6_3/mmc'),
('mp-1067421', 'P6_3/mmc'),
('mp-1067440', 'P6_3/mmc'),
('mp-1067450', 'P6_3/mmc'),
('mp-1067451', 'P6_3mc'),
('mp-1067574', 'P6_3mc'),
('mp-1067704', 'P6_3mc'),
('mp-1067842', 'P6_3mc'),
('mp-1068632', 'I4/mmm'),
('mp-1068701', 'I4/mmm'),
('mp-1068790', 'I4/mmm'),
('mp-1068806', 'I4/mmm'),
('mp-1068822', 'I4/mmm'),
('mp-1068878', 'I4/mmm'),
('mp-1068947', 'I4/mmm'),
('mp-1068960', 'R-3m'),
('mp-1068970', 'I4/mmm'),
('mp-1068982', 'R-3m'),
('mp-1069013', 'R-3m'),
('mp-1069018', 'R-3m'),
('mp-1069440', 'R-3m'),
('mp-1069448', 'R-3m'),
('mp-1069458', 'R-3m'),
('mp-1069459', 'R-3m'),
('mp-1069462', 'I4/mmm'),
('mp-1069512', 'I4/mmm'),
('mp-1069527', 'I4/mmm'),
('mp-1069563', 'I4/mmm'),
('mp-1069565', 'I4/mmm'),
('mp-1069606', 'I4/mmm'),
('mp-1069621', 'I4/mmm'),
('mp-1069629', 'I4/mmm'),
('mp-1069657', 'I4/mmm'),
('mp-1069686', 'I4/mmm'),
('mp-1069731', 'I4/mmm'),
('mp-1069757', 'I4/mmm'),
('mp-1070237', 'I4/mmm'),
('mp-1070282', 'I4/mmm'),
('mp-1070324', 'I4/mmm'),
('mp-1070362', 'I4/mmm'),
('mp-1070408', 'I4/mmm'),
('mp-1070470', 'I4/mmm'),
('mp-1070522', 'I4/mmm'),
('mp-1070577', 'I4/mmm'),
('mp-1070583', 'I4/m'),
('mp-1070593', 'I4/mmm'),
('mp-1070619', 'I4/mmm'),
('mp-1070674', 'I4/mmm'),
('mp-1070677', 'I4/m'),
('mp-1070712', 'I4/mmm'),
('mp-1070717', 'I4/m'),
('mp-1070734', 'R-3m'),
('mp-1070756', 'R-3m'),
('mp-1070768', 'I4/m'),
('mp-1070776', 'R-3m'),
('mp-1070785', 'R-3m'),
('mp-1070842', 'I4_1md'),
('mp-1070877', 'I4_1md'),
('mp-1070942', 'I4_1md'),
('mp-1070947', 'I4_1md'),
('mp-1077777', 'I4/mmm'),
('mp-1078094', 'I-4'),
('mp-1078110', 'R3m'),
('mp-1078485', 'P6_3/mmc'),
('mp-1079639', 'P6_3/mmc'),
('mp-1079868', 'P-62m'),
('mp-1092253', 'P6_3/mmc'),
('mp-1095525', 'Pnma'),
('mp-1101956', 'Pnma'),
('mp-1102075', 'P2_1/m'),
('mp-1103088', 'R-3m'),
('mp-1103949', 'Cmc2_1'),
('mp-1106237', 'R-3m'),
('mp-1114969', 'Pmn2_1'),
('mp-1115081', 'I-4'),
('mp-1115375', 'I-42m'),
('mp-1115395', 'P-6m2'),
('mp-1115706', 'P-6m2'),
('mp-1115786', 'P-6m2'),
('mp-1116021', 'P-62m'),
('mp-1121422', 'Pnma'),
('mp-1122042', 'R-3m'),
('mp-1124804', 'P6_3/mmc'),
('mp-1124947', 'I4/mmm'),
('mp-1125186', 'F-43m'),
('mp-1126411', 'P4/nmm'),
('mp-1126574', 'Pm-3m'),
('mp-1127229', 'P4/nmm'),
('mp-1127261', 'P6_3/mmc'),
('mp-1127337', 'P4/nmm'),
('mp-1127643', 'I4/mmm'),
('mp-1128069', 'I-42m'),
('mp-1128435', 'I4/mmm'),
('mp-1128688', 'P6/mmm'),
('mp-1129842', 'P6_3/mmc'),
('mp-1130155', 'P6_3/mmc'),
('mp-1130205', 'Pbcn'),
('mp-1130281', 'P2_1/c'),
('mp-1131932', 'I4_1md'),
('mp-1132749', 'I4/mmm'),
('mp-1133340', 'I4/mmm'),
('mp-1135635', 'P-62m'),
('mp-1135693', 'I4/mmm'),
('mp-1136368', 'Fm-3m'),
('mp-1136389', 'Pm-3n'),
('mp-1136493', 'I4/m'),
('mp-1136732', 'I4/mmm'),
('mp-1136903', 'P-3m1'),
('mp-1136937', 'I4/mcm'),
('mp-1139951', 'P2_1/m'),
('mp-1140062', 'Cmcm'),
('mp-1140668', 'P-3m1'),
('mp-1140687', 'P2_1/c'),
('mp-1140886', 'P4_2/mmc'),
('mp-1141117', 'P4/nmm'),
('mp-1141296', 'I4/m'),
('mp-1141517', 'Pnma'),
('mp-1141782', 'R-3m'),
('mp-11422', 'Pm-3m'),
('mp-1142301', 'R-3m'),
('mp-1142729', 'C2/c'),
('mp-1143390', 'P-6m2'),
('mp-1143925', 'Pnma'),
('mp-1144400', 'Pnma'),
('mp-1144407', 'Pnma'),
('mp-11483', 'Pm-3m'),
('mp-1149410', 'Pm-3m'),
('mp-1149426', 'Pm-3m'),
('mp-11501', 'Pm-3m'),
('mp-1150351', 'Ibam'),
('mp-1150821', 'P-6m2'),
('mp-1150839', 'P-6m2'),
('mp-1151080', 'Pnma'),
('mp-1152929', 'I4/mmm'),
('mp-1153988', 'I-4'),
('mp-1156942', 'I4/mmm'),
('mp-1157954', 'P2_1/c'),
('mp-1159363', 'P6_3/mmc'),
('mp-11594', 'P6/mmm'),
('mp-1159573', 'I4/mmm'),
('mp-1159602', 'C2/c'),
('mp-1160814', 'P6_3/mmc'),
('mp-1160881', 'Pmma'),
('mp-1161454', 'P2_1/c'),
('mp-1161468', 'C2/c'),
('mp-1162708', 'P4_2/mmc'),
('mp-1162985', 'P4_2/mmc'),
('mp-1163178', 'R-3'),
('mp-1163593', 'Pna2_1'),
('mp-1163639', 'R-3c'),
('mp-1164488', 'I4/mmm'),
('mp-1164932', 'Pm-3m'),
('mp-1164954', 'F-43m'),
('mp-1164955', 'Pm-3m'),
('mp-1165068', 'Pm-3m'),
('mp-1165179', 'Pm-3m'),
('mp-1165207', 'Fm-3m'),
('mp-1165733', 'I4_1md'),
('mp-1165985', 'P-1'),
('mp-1166045', 'P4/nmm'),
('mp-1167195', 'Cmcm'),
('mp-1167517', 'P6/mmm'),
('mp-1168157', 'Pmn2_1'),
('mp-1169558', 'P2_1/c'),
('mp-1169621', 'P2_1/c'),
('mp-1170147', 'P4/nmm'),
('mp-1170763', 'P6/mmm'),
('mp-1171233', 'P-1'),
('mp-1171575', 'I4/mmm'),
('mp-1172005', 'Pm-3m'),
('mp-11743', 'P-6m2'),
('mp-1181285', 'C2/c'),
('mp-1181584', 'Fdd2'),
('mp-1182583', 'C2/m'),
('mp-1185410', 'Fm-3m'),
('mp-1185859', 'Pmma'),
('mp-1186271', 'P-6m2'),
('mp-1188642', 'R-3m'),
('mp-1189340', 'Imm2'),
('mp-1191035', 'P6_3/mmc'),
('mp-1196113', 'P-1'),
('mp-1196833', 'Pna2_1'),
('mp-1197174', 'Fdd2'),
('mp-1197814', 'C2/c'),
('mp-1198150', 'P4_2/nmc'),
('mp-1201065', 'Pc'),
('mp-1203133', 'P-1'),
('mp-1204989', 'Fdd2'),
('mp-1205321', 'P4_2/m'),
('mp-1216736', 'Pc'),
('mp-1221975', 'Pm'),
('mp-12265', 'I4/mcm'),
('mp-1226850', 'R-3m'),
('mp-1230498', 'Pnma'),
('mp-1230698', 'R-3m'),
('mp-1230762', 'Cmc2_1'),
('mp-1231296', 'P2_1/m'),
('mp-1232297', 'P4/mmm'),
('mp-1237143', 'C2/c'),
('mp-1237221', 'R-3m'),
('mp-1237534', 'Pna2_1'),
('mp-1239745', 'Pbcn'),
('mp-1239912', 'P-6m2'),
('mp-1240448', 'F-43m'),
('mp-1240549', 'Pm-3m'),
('mp-1240632', 'P-6m2'),
('mp-1241435', 'C2/c'),
('mp-1242371', 'Fm-3m'),
('mp-1242497', 'R-3c'),
('mp-1242792', 'Pm-3m'),
('mp-1243095', 'P4_2/mmc'),
('mp-1243177', 'Pm-3m'),
('mp-1243249', 'R-3m'),
('mp-1248793', 'P-62m'),
('mp-1249069', 'P6/mmm'),
('mp-1249955', 'P6/mmm'),
('mp-1252832', 'I4/mmm'),
('mp-1253282', 'P6_3/mmc'),
('mp-1253380', 'I4/mmm'),
('mp-1253944', 'P6/mmm'),
('mp-1257315', 'P6_3/mmc'),
('mp-1257574', 'I4/mmm'),
('mp-1258160', 'Pnma'),
('mp-1258282', 'I4/mmm'),
('mp-1258423', 'I4/mmm'),
('mp-1258485', 'I4/mmm'),
('mp-1258971', 'P-6m2'),
('mp-1259078', 'P-6m2'),
('mp-1260453', 'I4/mmm'),
('mp-1260568', 'Pnma'),
('mp-1260898', 'I4/mmm'),
('mp-1261378', 'I4/mmm'),
('mp-1262105', 'P6_3/mmc'),
('mp-1262134', 'I4/mmm'),
('mp-1263063', 'I4/mmm'),
('mp-1263090', 'P-6m2'),
('mp-1263208', 'P-62m'),
('mp-1263233', 'I4/mmm'),
('mp-1263347', 'P6/mmm'),
('mp-1264161', 'P6/mmm'),
('mp-1264673', 'P6/mmm'),
('mp-1264832', 'P-62m'),
('mp-1266702', 'I4/mmm'),
('mp-1267114', 'Pnma'),
('mp-1267146', 'I4/mmm'),
('mp-1267849', 'I4/mmm'),
('mp-12780', 'P4/nmm'),
('mp-12919', 'I4_1md'),
('mp-1299942', 'P6_3/mmc'),
('mp-1300125', 'R3m'),
('mp-1300137', 'P-62m'),
('mp-1300528', 'C2/m'),
('mp-13070', 'P6_3/mmc'),
('mp-1325397', 'Pna2_1'),
('mp-1326047', 'Pna2_1'),
('mp-1326726', 'P2_1/c'),
('mp-13272', 'P-6m2'),
('mp-1327891', 'Pc'),
('mp-1334065', 'Pnma'),
('mp-1336758', 'F-43m'),
('mp-1337737', 'Pbca'),
('mp-13398', 'I4/mmm'),
('mp-1340982', 'P-1'),
('mp-1346666', 'Fdd2'),
('mp-1349404', 'P6_3mc'),
('mp-1350424', 'P2_1/c'),
('mp-1351082', 'P2_1/c'),
('mp-1353639', 'C2/c'),
('mp-1354069', 'Pna2_1'),
('mp-1354679', 'P2_1/c'),
('mp-1355968', 'C2/c'),
('mp-1358032', 'P4_2/nmc'),
('mp-1358106', 'R-3c'),
('mp-1358739', 'P-1'),
('mp-1359029', 'Pc'),
('mp-1359931', 'R-3'),
('mp-1363587', 'P6_3mc'),
('mp-1369030', 'P-1'),
('mp-1369150', 'C2/c'),
('mp-1371741', 'F-43m'),
('mp-1380882', 'P4_2/m'),
('mp-1380926', 'I4_1md'),
('mp-1381430', 'I4/mmm'),
('mp-1382008', 'P-6m2'),
('mp-1382615', 'Pnma'),
('mp-1385379', 'P2_1/c'),
('mp-1385514', 'P1'),
('mp-1388362', 'Fdd2'),
('mp-1390129', 'R-3m'),
('mp-1394352', 'P6_3/mmc'),
('mp-1394765', 'Pbcn'),
('mp-1401963', 'P4/nmm'),
('mp-1403972', 'P6_3/mmc'),
('mp-1413775', 'P4/nmm'),
('mp-1414588', 'P4/mmm'),
('mp-1415188', 'I4/mcm'),
('mp-1415337', 'Cmcm'),
('mp-1415528', 'R-3m'),
('mp-1416025', 'P6/mmm'),
('mp-1416220', 'I4/mmm'),
('mp-1417290', 'Fm-3m'),
('mp-1417347', 'P6/mmm'),
('mp-1417397', 'I-4'),
('mp-1418009', 'P6_3/mmc'),
('mp-1419355', 'Pm-3m'),
('mp-1419904', 'Pnma'),
('mp-1420488', 'I4/mmm'),
('mp-1420609', 'I4/m'),
('mp-1420624', 'P6_3/mmc'),
('mp-1422184', 'P4/nmm'),
('mp-1422530', 'Pm-3m'),
('mp-1423010', 'P-62m'),
('mp-1423501', 'F-43m'),
('mp-1423999', 'Pnma'),
('mp-1424480', 'I4/m'),
('mp-1424781', 'P4/nmm'),
('mp-1425688', 'R-3m'),
('mp-1425788', 'Fm-3m'),
('mp-1426323', 'Pm-3n'),
('mp-1426587', 'Ibam'),
('mp-1426726', 'P4/nmm'),
('mp-1426778', 'I4_1md'),
('mp-1427159', 'P-6m2'),
('mp-1429770', 'I-42m'),
('mp-1430311', 'P6_3/mmc'),
('mp-1431396', 'P-6m2'),
('mp-1431723', 'P6_3/mmc'),
('mp-1432078', 'I4/mmm'),
('mp-1432218', 'I4/mmm'),
('mp-1432625', 'Pmn2_1'),
('mp-1434395', 'Pmma'),
('mp-1434695', 'P2_1/m'),
('mp-1434885', 'P6_3/mmc'),
('mp-1435116', 'P2_1/m'),
('mp-1435213', 'R-3m'),
('mp-1436276', 'Fm-3m'),
('mp-1437009', 'Pm-3m'),
('mp-1437618', 'P-3m1'),
('mp-1437701', 'I4/mmm'),
('mp-1437929', 'Pm-3m'),
('mp-1438131', 'I4/mmm'),
('mp-1438502', 'I4/mmm'),
('mp-1438579', 'Pm-3m'),
('mp-1438602', 'R-3m'),
('mp-1438908', 'Amm2'),
('mp-1438909', 'P-6m2'),
('mp-1439221', 'Pm-3m'),
('mp-1439568', 'I4/mmm'),
('mp-1439644', 'P4_2/mmc'),
('mp-1439681', 'Pm-3m'),
('mp-1439862', 'R-3m'),
('mp-1439888', 'I4/mmm'),
('mp-1440081', 'P-3m1'),
('mp-1440498', 'P6/mmm'),
('mp-1441265', 'Pm-3m'),
('mp-1442231', 'Pm-3m'),
('mp-1442345', 'P-62m'),
('mp-1443089', 'Pm'),
('mp-1458', 'Pm-3n'),
('mp-1523487', 'Pm-3m'),
('mp-1524249', 'Pm-3m'),
('mp-1524286', 'Pm-3m'),
('mp-1524505', 'P6_3/mmc'),
('mp-1524911', 'P-3m1'),
('mp-1525584', 'I-4'),
('mp-1525605', 'P-62m'),
('mp-1525606', 'R-3m'),
('mp-1536189', 'P4_2/mmc'),
('mp-1536520', 'R-3m'),
('mp-1536828', 'Pm-3m'),
('mp-1537105', 'Pm-3n'),
('mp-1537406', 'I4/mmm'),
('mp-1537649', 'Pm-3m'),
('mp-1538103', 'P4/nmm'),
('mp-1538260', 'I4/m'),
('mp-1538351', 'P6/mmm'),
('mp-1538601', 'P6_3/mmc'),
('mp-1540102', 'I4/mcm'),
('mp-1540818', 'I4/mcm'),
('mp-1540927', 'P-3m1'),
('mp-1541907', 'P-3m1'),
('mp-1544239', 'P4_2/m'),
('mp-1546074', 'Pnma'),
('mp-1546821', 'C2/c'),
('mp-1583518', 'P6_3mc'),
('mp-1586297', 'Pm-3m'),
('mp-1586312', 'Pm-3m'),
('mp-1587511', 'P4_2/mmc'),
('mp-1587664', 'Pm-3m'),
('mp-1587791', 'P4/nmm'),
('mp-1587830', 'Pm-3m'),
('mp-1588222', 'Cmcm'),
('mp-1588250', 'Pm-3m'),
('mp-1588332', 'P-3m1'),
('mp-1588421', 'I-4'),
('mp-1588467', 'I4/m'),
('mp-1588690', 'Pm-3m'),
('mp-1589748', 'P6/mmm'),
('mp-1589843', 'Pm-3m'),
('mp-1590137', 'I4/mmm'),
('mp-1590342', 'R-3m'),
('mp-1590383', 'P-6m2'),
('mp-1590563', 'I4/mmm'),
('mp-1591057', 'Pm-3n'),
('mp-1591286', 'I4_1md'),
('mp-1591344', 'I4/mmm'),
('mp-1591833', 'R-3m'),
('mp-1592138', 'I4/mmm'),
('mp-1592201', 'Pm-3m'),
('mp-1592306', 'P6_3/mmc'),
('mp-1592548', 'I4/mmm'),
('mp-1592934', 'P4/nmm'),
('mp-1593030', 'I4/mmm'),
('mp-1593146', 'Amm2'),
('mp-1593983', 'I4/mmm'),
('mp-1594194', 'P-62m'),
('mp-1595200', 'I4/m'),
('mp-1595664', 'P6_3/mmc'),
('mp-1595692', 'P6/mmm'),
('mp-1597037', 'P-3m1'),
('mp-1597180', 'R-3m'),
('mp-1597279', 'P6/mmm'),
('mp-1597295', 'P2_1/m'),
('mp-1597924', 'I4/mcm'),
('mp-1598367', 'I-42m'),
('mp-1598944', 'P6_3/mmc'),
('mp-1599172', 'P4/nmm'),
('mp-1599245', 'I4_1md'),
('mp-1599746', 'Pnma'),
('mp-1599763', 'Ibam'),
('mp-1599931', 'P6_3mc'),
('mp-1600787', 'P-62m');
INSERT INTO `SpaceGroup1K` (`material_id`, `spacegroup`) VALUES
('mp-1600789', 'Pmn2_1'),
('mp-1601011', 'R-3m'),
('mp-1601231', 'P-62m'),
('mp-1601930', 'I4/mmm'),
('mp-1602237', 'Pnma'),
('mp-1602333', 'C2/m'),
('mp-1602496', 'R3m'),
('mp-1603464', 'P4_2/m'),
('mp-1604315', 'P2_1/m'),
('mp-1607666', 'R-3m'),
('mp-1609765', 'Fm-3m'),
('mp-1610445', 'Pnma'),
('mp-1610750', 'P-6m2'),
('mp-1610772', 'Pm-3m'),
('mp-1610876', 'P6_3/mmc'),
('mp-1611785', 'P6_3/mmc'),
('mp-1612626', 'F-43m'),
('mp-1615632', 'P4/mmm'),
('mp-1617211', 'I4/mmm'),
('mp-1619829', 'Pm'),
('mp-1620738', 'P6_3/mmc'),
('mp-1621931', 'P6_3/mmc'),
('mp-1624219', 'R-3m'),
('mp-1625463', 'P4/nmm'),
('mp-1626730', 'Pbcn'),
('mp-1627315', 'P2_1/c'),
('mp-1629253', 'Pnma'),
('mp-1637561', 'P2_1/c'),
('mp-1654458', 'P1'),
('mp-1660018', 'Fm-3m'),
('mp-1667949', 'P-6m2'),
('mp-1667995', 'R-3m'),
('mp-1670241', 'P2_1/m'),
('mp-1671253', 'P-62m'),
('mp-1672060', 'Fm-3m'),
('mp-1672136', 'P4_2/mmc'),
('mp-1673092', 'Pm-3m'),
('mp-1674159', 'R-3m'),
('mp-1674211', 'Pm-3m'),
('mp-1674280', 'I4/mmm'),
('mp-1675118', 'Pnma'),
('mp-1675698', 'P-6m2'),
('mp-1676084', 'Pnma'),
('mp-1676597', 'I4/mmm'),
('mp-1676820', 'I4_1md'),
('mp-1677079', 'P4_2/m'),
('mp-1677343', 'Amm2'),
('mp-1677535', 'Pm-3m'),
('mp-1677669', 'P-3m1'),
('mp-1677678', 'I4/mmm'),
('mp-1678400', 'P6_3mc'),
('mp-1678519', 'C2/m'),
('mp-1680054', 'R-3c'),
('mp-1680082', 'F-43m'),
('mp-1683744', 'P2_1/c'),
('mp-1684908', 'P2_1/c'),
('mp-1686422', 'P-3m1'),
('mp-1687400', 'Pm-3m'),
('mp-1687777', 'P6_3/mmc'),
('mp-1688026', 'F-43m'),
('mp-1688177', 'P-62m'),
('mp-1688396', 'R3m'),
('mp-1688658', 'Pm-3m'),
('mp-1694953', 'Ibam'),
('mp-1695483', 'P6/mmm'),
('mp-1695562', 'P-62m'),
('mp-1695812', 'I4/mmm'),
('mp-1696052', 'P-6m2'),
('mp-1696565', 'P6/mmm'),
('mp-1696619', 'R-3m'),
('mp-1696652', 'I4/mcm'),
('mp-1697169', 'I-42m'),
('mp-1697602', 'P4/nmm'),
('mp-1697860', 'P4/nmm'),
('mp-1697870', 'I4/mmm'),
('mp-1697969', 'Cmcm'),
('mp-1698594', 'Pm-3n'),
('mp-1699041', 'P2_1/m'),
('mp-1699934', 'I4/mmm'),
('mp-1700102', 'I4/m'),
('mp-1700298', 'P6_3/mmc'),
('mp-1700485', 'I4/m'),
('mp-1700490', 'P-6m2'),
('mp-1700652', 'Pm-3m'),
('mp-1700880', 'Pmn2_1'),
('mp-1700957', 'I4_1md'),
('mp-1701087', 'Pm-3m'),
('mp-1701205', 'I-4'),
('mp-1701254', 'P4/nmm'),
('mp-1702478', 'R-3m'),
('mp-1702657', 'P6/mmm'),
('mp-1703303', 'I4/mmm'),
('mp-1703829', 'Pnma'),
('mp-1704790', 'Pm-3m'),
('mp-1704968', 'P4/nmm'),
('mp-1705260', 'P6_3/mmc'),
('mp-1716449', 'P4/mmm'),
('mp-1727476', 'Fdd2'),
('mp-1731093', 'P6_3/mmc'),
('mp-1733832', 'P6_3/mmc'),
('mp-1734098', 'P2_1/c'),
('mp-1734989', 'P6_3/mmc'),
('mp-1742601', 'P1'),
('mp-1751163', 'Pbcn'),
('mp-1752084', 'Pm'),
('mp-1754451', 'P6_3/mmc'),
('mp-1760264', 'R-3m'),
('mp-1760944', 'P4/nmm'),
('mp-1764290', 'I4/mmm'),
('mp-1764757', 'P6_3/mmc'),
('mp-1766311', 'Fm-3m'),
('mp-1776106', 'R-3m'),
('mp-1776133', 'P4/nmm'),
('mp-1776789', 'Pnma'),
('mp-1777623', 'P-6m2'),
('mp-1779415', 'P6_3/mmc'),
('mp-1779601', 'I4/mcm'),
('mp-1780759', 'R-3m'),
('mp-1780867', 'R3m'),
('mp-1781329', 'Amm2'),
('mp-1781982', 'Pm-3m'),
('mp-1782244', 'R-3m'),
('mp-1782675', 'P-6m2'),
('mp-1783848', 'P-3m1'),
('mp-1783983', 'I4/mmm'),
('mp-1784808', 'Pm-3n'),
('mp-1786009', 'P4/nmm'),
('mp-1787034', 'I4/mmm'),
('mp-1787543', 'I4/m'),
('mp-1788009', 'R-3m'),
('mp-1788345', 'Pmn2_1'),
('mp-1788569', 'Pnma'),
('mp-1788680', 'Cmcm'),
('mp-1789267', 'I-42m'),
('mp-1791003', 'Pm-3m'),
('mp-1791293', 'Fm-3m'),
('mp-1791337', 'Pm-3m'),
('mp-1791981', 'Pmma'),
('mp-1792103', 'Pm-3m'),
('mp-1792244', 'P6_3/mmc'),
('mp-1793106', 'Pm-3m'),
('mp-1793857', 'P-6m2'),
('mp-1794589', 'Pm-3m'),
('mp-1795425', 'P6_3/mmc'),
('mp-1795512', 'F-43m'),
('mp-1796073', 'P-62m'),
('mp-1796508', 'I4/m'),
('mp-1797243', 'P4/mmm'),
('mp-1798653', 'I4/mmm'),
('mp-1798811', 'Pm-3m'),
('mp-1798899', 'I4/mmm'),
('mp-1799646', 'P4_2/mmc'),
('mp-1801227', 'I4/mmm'),
('mp-1801655', 'P6/mmm'),
('mp-1801658', 'I4/mmm'),
('mp-1802266', 'I4/mmm'),
('mp-1802415', 'P-6m2'),
('mp-1802529', 'P6_3/mmc'),
('mp-1803167', 'Pm-3m'),
('mp-1803574', 'R-3m'),
('mp-1803794', 'P6/mmm'),
('mp-1806407', 'I4_1md'),
('mp-1810115', 'P6_3/mmc'),
('mp-1816090', 'P2_1/c'),
('mp-1816535', 'Pbcn'),
('mp-1819337', 'P-1'),
('mp-1820911', 'Pc'),
('mp-1827458', 'Ibam'),
('mp-1827995', 'I4/mmm'),
('mp-1829004', 'P-62m'),
('mp-1830078', 'P-62m'),
('mp-1832650', 'C2/m'),
('mp-1832928', 'C2/m'),
('mp-1833255', 'Pm-3m'),
('mp-1834902', 'Imm2'),
('mp-1835695', 'Cmcm'),
('mp-1836630', 'R-3m'),
('mp-1840863', 'F-43m'),
('mp-1842058', 'Fdd2'),
('mp-1842664', 'Fm-3m'),
('mp-1849494', 'Pnma'),
('mp-1850198', 'P2_1/c'),
('mp-1860717', 'P-3m1'),
('mp-1867946', 'Pm'),
('mp-1870475', 'P4/nmm'),
('mp-1870640', 'P4/nmm'),
('mp-1872016', 'P-1'),
('mp-1872275', 'Fdd2'),
('mp-1872861', 'R-3'),
('mp-1875672', 'P6_3/mmc'),
('mp-1876575', 'I4/mmm'),
('mp-1878535', 'P6_3/mmc'),
('mp-1887301', 'Pnma'),
('mp-1889274', 'R-3c'),
('mp-1891763', 'Cmc2_1'),
('mp-1894766', 'P2_1/c'),
('mp-1894768', 'Pna2_1'),
('mp-1895271', 'P2_1/c'),
('mp-1895506', 'P-1'),
('mp-1896600', 'C2/c'),
('mp-18972', 'I4/mmm'),
('mp-1897512', 'P2_1/c'),
('mp-1897837', 'P1'),
('mp-1920487', 'P-1'),
('mp-1921231', 'I4/mmm'),
('mp-1924018', 'P4/nmm'),
('mp-1924669', 'P6_3/mmc'),
('mp-1928483', 'I4_1md'),
('mp-1929487', 'I-4'),
('mp-1929731', 'Pc'),
('mp-1930644', 'C2/c'),
('mp-1930863', 'P2_1/m'),
('mp-1931161', 'I4/mmm'),
('mp-1932256', 'Fm-3m'),
('mp-1934014', 'P6/mmm'),
('mp-1935076', 'P4_2/m'),
('mp-19959', 'P4/nmm'),
('mp-20025', 'I-4'),
('mp-20490', 'Pnma'),
('mp-20700', 'I4/mmm'),
('mp-20735', 'Pm-3m'),
('mp-20779', 'P4/nmm'),
('mp-20789', 'P-62m'),
('mp-21242', 'P-6m2'),
('mp-22263', 'Pm-3m'),
('mp-22522', 'Pnma'),
('mp-23033', 'R-3m'),
('mp-23164', 'Pnma'),
('mp-2436', 'P6/mmm'),
('mp-27303', 'Ibam'),
('mp-27339', 'P2_1/c'),
('mp-27893', 'Pnma'),
('mp-27985', 'P4/nmm'),
('mp-28295', 'Pmn2_1'),
('mp-28607', 'P6_3/mmc'),
('mp-28698', 'I4/m'),
('mp-288', 'P4_2/mmc'),
('mp-28978', 'I4_1md'),
('mp-30151', 'P2_1/m'),
('mp-3048', 'P-3m1'),
('mp-30770', 'P6_3mc'),
('mp-30855', 'P6_3/mmc'),
('mp-31163', 'P6/mmm'),
('mp-31178', 'I4/mmm'),
('mp-32163', 'I-42m'),
('mp-3455', 'I4/mmm'),
('mp-4009', 'Cmcm'),
('mp-504786', 'P4/nmm'),
('mp-510140', 'Cmcm'),
('mp-541507', 'Pna2_1'),
('mp-541837', 'R-3m'),
('mp-551214', 'C2/m'),
('mp-551675', 'I4/mmm'),
('mp-552120', 'R-3m'),
('mp-554926', 'Pna2_1'),
('mp-555382', 'Pna2_1'),
('mp-558811', 'P4_2/mmc'),
('mp-560449', 'I4/mmm'),
('mp-561628', 'C2/m'),
('mp-565780', 'Pna2_1'),
('mp-567589', 'Pm-3m'),
('mp-567808', 'I4/mmm'),
('mp-567840', 'I4/mmm'),
('mp-569981', 'P6_3/mmc'),
('mp-573651', 'F-43m'),
('mp-582988', 'P1'),
('mp-592', 'Pm-3m'),
('mp-613384', 'Pm-3m'),
('mp-613509', 'P4_2/mmc'),
('mp-614918', 'P4/nmm'),
('mp-618578', 'Pna2_1'),
('mp-622375', 'P-1'),
('mp-641703', 'P-1'),
('mp-642279', 'Fm-3m'),
('mp-643701', 'Pbcn'),
('mp-655230', 'P4/nmm'),
('mp-655431', 'Pm-3m'),
('mp-656253', 'I-4'),
('mp-657130', 'Pm-3m'),
('mp-657137', 'Pm-3m'),
('mp-657683', 'Pnma'),
('mp-657986', 'P1'),
('mp-659418', 'I-4'),
('mp-659940', 'P4/nmm'),
('mp-660654', 'P4/nmm'),
('mp-660811', 'I4_1md'),
('mp-661374', 'P4/nmm'),
('mp-661614', 'I-42m'),
('mp-662815', 'C2/c'),
('mp-663541', 'R-3m'),
('mp-664169', 'R-3m'),
('mp-664231', 'P-1'),
('mp-664908', 'I-4'),
('mp-665', 'P-3m1'),
('mp-665179', 'P4_2/mmc'),
('mp-665212', 'P4_2/mmc'),
('mp-665229', 'P4_2/mmc'),
('mp-665298', 'Pmn2_1'),
('mp-665302', 'Pnma'),
('mp-665365', 'Pnma'),
('mp-665511', 'Ibam'),
('mp-665869', 'P2_1/c'),
('mp-666015', 'P1'),
('mp-669316', 'Pmn2_1'),
('mp-669744', 'Cmcm'),
('mp-669750', 'R-3m'),
('mp-670416', 'I4_1md'),
('mp-671087', 'P1'),
('mp-671218', 'P-3m1'),
('mp-679086', 'R-3m'),
('mp-679202', 'P-1'),
('mp-679964', 'Pnma'),
('mp-680346', 'Pnma'),
('mp-680651', 'Ibam'),
('mp-680894', 'I4/mcm'),
('mp-681216', 'P2_1/c'),
('mp-681335', 'P1'),
('mp-681348', 'Pna2_1'),
('mp-682789', 'P4/nmm'),
('mp-687762', 'P-3m1'),
('mp-687863', 'P-3m1'),
('mp-688918', 'R-3m'),
('mp-689025', 'Cmcm'),
('mp-689049', 'R-3m'),
('mp-689455', 'Pmn2_1'),
('mp-690711', 'P2_1/c'),
('mp-697267', 'P2_1/c'),
('mp-700377', 'P-1'),
('mp-700896', 'Pnma'),
('mp-701092', 'I4/mcm'),
('mp-701541', 'Pna2_1'),
('mp-702728', 'P4/nmm'),
('mp-705546', 'P2_1/c'),
('mp-707535', 'P-1'),
('mp-708874', 'P4/nmm'),
('mp-712464', 'I4/mcm'),
('mp-712945', 'Pna2_1'),
('mp-719442', 'P2_1/c'),
('mp-725538', 'P2_1/c'),
('mp-727083', 'P2_1/c'),
('mp-728775', 'P-1'),
('mp-731959', 'Pbcn'),
('mp-732312', 'P2_1/c'),
('mp-733325', 'P-1'),
('mp-737055', 'P-1'),
('mp-742998', 'Pbcn'),
('mp-749706', 'Pbcn'),
('mp-750429', 'P2_1/c'),
('mp-768457', 'P2_1/c'),
('mp-768484', 'C2/c'),
('mp-768486', 'R-3'),
('mp-768500', 'R-3c'),
('mp-777615', 'Pbca'),
('mp-778', 'P-62m'),
('mp-792571', 'Pbca'),
('mp-794420', 'Pbca'),
('mp-795162', 'Pbca'),
('mp-825465', 'I4/mmm'),
('mp-835041', 'I4/mmm'),
('mp-835825', 'I4/mmm'),
('mp-842511', 'Cmcm'),
('mp-842611', 'I4_1md'),
('mp-842883', 'Ibam'),
('mp-842995', 'Cmcm'),
('mp-846373', 'P2_1/c'),
('mp-846992', 'P2_1/c'),
('mp-848807', 'P2_1/c'),
('mp-852681', 'C2/c'),
('mp-852685', 'P2_1/c'),
('mp-852695', 'R-3c'),
('mp-852696', 'R-3'),
('mp-855570', 'P2_1/c'),
('mp-855571', 'C2/c'),
('mp-855577', 'R-3'),
('mp-855635', 'R-3c'),
('mp-856457', 'R-3c'),
('mp-860047', 'P2_1/c'),
('mp-864017', 'P2_1/c'),
('mp-864995', 'P6_3/mmc'),
('mp-8796', 'P2_1/c'),
('mp-905889', 'I4_1md'),
('mp-906090', 'P6_3/mmc'),
('mp-907386', 'P4/nmm'),
('mp-907438', 'Pm-3m'),
('mp-908203', 'P6_3/mmc'),
('mp-909797', 'P-3m1'),
('mp-909870', 'R-3m'),
('mp-910466', 'Pnma'),
('mp-910583', 'P4/nmm'),
('mp-911411', 'P2_1/m'),
('mp-912228', 'Pm-3m'),
('mp-912590', 'Pm-3n'),
('mp-912653', 'P6_3mc'),
('mp-912684', 'Pnma'),
('mp-912856', 'P6/mmm'),
('mp-913040', 'P-6m2'),
('mp-913241', 'Pm-3m'),
('mp-913248', 'I4/mmm'),
('mp-914525', 'P6_3/mmc'),
('mp-914556', 'P4/nmm'),
('mp-914973', 'Fm-3m'),
('mp-915469', 'I4/mmm'),
('mp-916509', 'C2/c'),
('mp-918835', 'I4_1md'),
('mp-918943', 'P6_3/mmc'),
('mp-919836', 'I4_1md'),
('mp-919951', 'P6_3/mmc'),
('mp-920798', 'P4/nmm'),
('mp-920812', 'Pm-3m'),
('mp-921823', 'P4/nmm'),
('mp-921863', 'Pm-3m'),
('mp-922643', 'P6_3/mmc'),
('mp-923405', 'P6_3/mmc'),
('mp-924829', 'P-3m1'),
('mp-924887', 'R-3m'),
('mp-925356', 'P-3m1'),
('mp-925855', 'R-3m'),
('mp-926287', 'Pnma'),
('mp-926337', 'P4/nmm'),
('mp-926810', 'Pnma'),
('mp-926882', 'P4/nmm'),
('mp-927372', 'P2_1/m'),
('mp-927806', 'P2_1/m'),
('mp-928241', 'Pm-3m'),
('mp-928778', 'Pm-3m'),
('mp-929024', 'Pm-3n'),
('mp-929104', 'Pnma'),
('mp-929143', 'P6_3mc'),
('mp-929178', 'P6/mmm'),
('mp-929258', 'P-6m2'),
('mp-929391', 'Pm-3n'),
('mp-929445', 'Pnma'),
('mp-929525', 'P6_3mc'),
('mp-929545', 'P6/mmm'),
('mp-929760', 'Pm-3m'),
('mp-929782', 'I4/mmm'),
('mp-930125', 'P-6m2'),
('mp-930252', 'Pm-3m'),
('mp-930290', 'I4/mmm'),
('mp-931197', 'I4/mmm'),
('mp-931877', 'C2/c'),
('mp-932179', 'I4/mmm'),
('mp-932790', 'P6_3/mmc'),
('mp-933192', 'P6/mmm'),
('mp-935050', 'Pm-3m'),
('mp-935110', 'F-43m'),
('mp-937115', 'Cmcm'),
('mp-937225', 'C2/c'),
('mp-941220', 'Cmcm'),
('mp-941526', 'Cmcm'),
('mp-941737', 'Pm-3m'),
('mp-941771', 'F-43m'),
('mp-941881', 'Pm-3m'),
('mp-941957', 'F-43m'),
('mp-942062', 'P6_3/mmc'),
('mp-943077', 'P6_3/mmc'),
('mp-943390', 'P6/mmm'),
('mp-943539', 'P6/mmm'),
('mp-972916', 'Pmma'),
('mp-974386', 'I4/mmm'),
('mp-974404', 'I4/mmm'),
('mp-974428', 'I4/mmm'),
('mp-974443', 'I4/mmm'),
('mp-977910', 'P6_3/mmc'),
('mp-977932', 'P4/nmm'),
('mp-978159', 'P6_3/mmc'),
('mp-9808', 'I-42m'),
('mp-987036', 'I4/m'),
('mp-988040', 'I4/m'),
('mp-988285', 'I4/m'),
('mp-990480', 'Pm-3m'),
('mp-991352', 'P-6m2'),
('mp-991515', 'Pm-3m'),
('mp-991766', 'I4/mmm'),
('mp-991956', 'P6/mmm'),
('mp-992087', 'Fm-3m'),
('mp-992305', 'I4/mmm'),
('mp-992320', 'Fm-3m'),
('mp-992401', 'P-62m'),
('mp-992512', 'P4/nmm'),
('mp-993293', 'P-6m2'),
('mp-993467', 'Pm-3m'),
('mp-993700', 'P6/mmm'),
('mp-993921', 'I4/mmm'),
('mp-993976', 'P-62m'),
('mp-994035', 'Fm-3m'),
('mp-994606', 'P-6m2'),
('mp-994798', 'Pm-3m'),
('mp-995013', 'P6/mmm'),
('mp-995072', 'P-62m'),
('mp-995262', 'R-3'),
('mp-995913', 'P2_1/c'),
('mp-999118', 'P6_3/mmc'),
('mp-999120', 'P6_3/mmc'),
('mp-999131', 'P6_3/mmc'),
('mp-999146', 'P6_3/mmc'),
('mp-999149', 'P6_3/mmc'),
('mp-999153', 'P6_3/mmc'),
('mp-999162', 'P6_3/mmc'),
('mp-999172', 'P6_3/mmc');



INSERT INTO `BandGap1K` (`material_id`, `band_gap`) VALUES
('mp-1000217', 4.626),
('mp-1000500', 0),
('mp-1000517', 0),
('mp-1000691', 0),
('mp-1001530', 0),
('mp-1001696', 0),
('mp-1002183', 0),
('mp-1002184', 0),
('mp-1002187', 0),
('mp-1002188', 0),
('mp-1002194', 0),
('mp-1002195', 0),
('mp-1002199', 0),
('mp-1002201', 0),
('mp-1002204', 0),
('mp-1002205', 0),
('mp-1002212', 0),
('mp-1002214', 0),
('mp-1002215', 0),
('mp-1002218', 0),
('mp-1002225', 0),
('mp-1002231', 0),
('mp-1003061', 0),
('mp-1004656', 0),
('mp-1005343', 0),
('mp-1005370', 0),
('mp-1006366', 0),
('mp-1006973', 0),
('mp-1006991', 0),
('mp-1007150', 0),
('mp-1008033', 0),
('mp-1008143', 0),
('mp-1010315', 0),
('mp-1010825', 0),
('mp-1011681', 0),
('mp-1011715', 0),
('mp-1011886', 0),
('mp-1012359', 0),
('mp-1012461', 0),
('mp-1018224', 1.8624),
('mp-1018411', 1.7319),
('mp-1051901', 0),
('mp-1051920', 0),
('mp-1051925', 0),
('mp-1057283', 0),
('mp-1057291', 0),
('mp-1057305', 0),
('mp-1057314', 0),
('mp-1058498', 0),
('mp-1058510', 0),
('mp-1058525', 0),
('mp-1058529', 0),
('mp-1059996', 0),
('mp-1060031', 0),
('mp-1060053', 0),
('mp-1060080', 0),
('mp-1061051', 0),
('mp-1061074', 0),
('mp-1061105', 0),
('mp-1061121', 0),
('mp-1064469', 0),
('mp-1064504', 0),
('mp-1064525', 0.2895),
('mp-1064561', 0),
('mp-1066433', 0),
('mp-1066444', 0),
('mp-1066462', 0),
('mp-1066469', 0),
('mp-1067395', 0),
('mp-1067421', 0),
('mp-1067440', 0),
('mp-1067450', 0),
('mp-1067451', 1.4237),
('mp-1067574', 1.4254),
('mp-1067704', 1.4291),
('mp-1067842', 1.4291),
('mp-1068632', 0),
('mp-1068701', 0),
('mp-1068790', 0),
('mp-1068806', 0),
('mp-1068822', 0),
('mp-1068878', 0),
('mp-1068947', 0),
('mp-1068960', 0.378),
('mp-1068970', 0),
('mp-1068982', 0.3785),
('mp-1069013', 0.3769),
('mp-1069018', 0.3769),
('mp-1069440', 0.5436),
('mp-1069448', 0.5449),
('mp-1069458', 0.5434),
('mp-1069459', 0.5434),
('mp-1069462', 0),
('mp-1069512', 0),
('mp-1069527', 0),
('mp-1069563', 0),
('mp-1069565', 0),
('mp-1069606', 0),
('mp-1069621', 0),
('mp-1069629', 0),
('mp-1069657', 0),
('mp-1069686', 0),
('mp-1069731', 0),
('mp-1069757', 0),
('mp-1070237', 0),
('mp-1070282', 0),
('mp-1070324', 0),
('mp-1070362', 0),
('mp-1070408', 0),
('mp-1070470', 0),
('mp-1070522', 0),
('mp-1070577', 0),
('mp-1070583', 0),
('mp-1070593', 0),
('mp-1070619', 0),
('mp-1070674', 0),
('mp-1070677', 0),
('mp-1070712', 0),
('mp-1070717', 0),
('mp-1070734', 0.4021),
('mp-1070756', 0.4023),
('mp-1070768', 0),
('mp-1070776', 0.4006),
('mp-1070785', 0.4006),
('mp-1070842', 0),
('mp-1070877', 0),
('mp-1070942', 0),
('mp-1070947', 0),
('mp-1077777', 0),
('mp-1078094', 1.1976),
('mp-1078110', 0),
('mp-1078485', 0),
('mp-1079639', 0),
('mp-1079868', 0),
('mp-1092253', 0),
('mp-1095525', 0),
('mp-1101956', 0),
('mp-1102075', 4.7953),
('mp-1103088', 0),
('mp-1103949', 3.7614),
('mp-1106237', 0),
('mp-1114969', 3.2579),
('mp-1115081', 1.2754),
('mp-1115375', 2.662),
('mp-1115395', 0),
('mp-1115706', 0),
('mp-1115786', 0),
('mp-1116021', 0),
('mp-1121422', 0),
('mp-1122042', 2.3346),
('mp-1124804', 0),
('mp-1124947', 0),
('mp-1125186', 0.0156),
('mp-1126411', 0),
('mp-1126574', 0),
('mp-1127229', 2.5294),
('mp-1127261', 0),
('mp-1127337', 5.5577),
('mp-1127643', 0),
('mp-1128069', 3.2321),
('mp-1128435', 1.0125),
('mp-1128688', 0),
('mp-1129842', 0),
('mp-1130155', 0),
('mp-1130205', 4.3919),
('mp-1130281', 4.7715),
('mp-1131932', 0),
('mp-1132749', 0),
('mp-1133340', 0),
('mp-1135635', 0),
('mp-1135693', 0),
('mp-1136368', 0),
('mp-1136389', 0),
('mp-1136493', 1.0095),
('mp-1136732', 0),
('mp-1136903', 0.9594),
('mp-1136937', 2.6071),
('mp-1139951', 0.2857),
('mp-1140062', 0.3449),
('mp-1140668', 0.2156),
('mp-1140687', 4.3487),
('mp-1140886', 0.5365),
('mp-1141117', 5.0657),
('mp-1141296', 0.433),
('mp-1141517', 0.9557),
('mp-1141782', 1.9541),
('mp-11422', 0.0099),
('mp-1142301', 0.436),
('mp-1142729', 4.4339),
('mp-1143390', 0),
('mp-1143925', 1.4854),
('mp-1144400', 4.0172),
('mp-1144407', 0),
('mp-11483', 0.4763),
('mp-1149410', 0),
('mp-1149426', 0),
('mp-11501', 0.0131),
('mp-1150351', 0.9519),
('mp-1150821', 0),
('mp-1150839', 0),
('mp-1151080', 0),
('mp-1152929', 0),
('mp-1153988', 1.9665),
('mp-1156942', 2.4367),
('mp-1157954', 5.381),
('mp-1159363', 0),
('mp-11594', 0),
('mp-1159573', 0),
('mp-1159602', 1.255),
('mp-1160814', 0),
('mp-1160881', 0),
('mp-1161454', 4.2157),
('mp-1161468', 1.2573),
('mp-1162708', 1.0265),
('mp-1162985', 1.0281),
('mp-1163178', 4.8473),
('mp-1163593', 0.4981),
('mp-1163639', 4.0352),
('mp-1164488', 0),
('mp-1164932', 0),
('mp-1164954', 0),
('mp-1164955', 0),
('mp-1165068', 0.8836),
('mp-1165179', 0),
('mp-1165207', 0),
('mp-1165733', 2.2592),
('mp-1165985', 3.1451),
('mp-1166045', 0),
('mp-1167195', 0.4663),
('mp-1167517', 0),
('mp-1168157', 3.291),
('mp-1169558', 4.6901),
('mp-1169621', 4.436),
('mp-1170147', 0),
('mp-1170763', 0),
('mp-1171233', 2.3806),
('mp-1171575', 0),
('mp-1172005', 0),
('mp-11743', 0.0303),
('mp-1181285', 0.4032),
('mp-1181584', 2.9831),
('mp-1182583', 0),
('mp-1185410', 0),
('mp-1185859', 0),
('mp-1186271', 0.5472),
('mp-1188642', 0),
('mp-1189340', 0),
('mp-1191035', 0),
('mp-1196113', 4.1376),
('mp-1196833', 1.5165),
('mp-1197174', 3.2927),
('mp-1197814', 0.3513),
('mp-1198150', 0.6402),
('mp-1201065', 2.3545),
('mp-1203133', 4.1887),
('mp-1204989', 1.7253),
('mp-1205321', 0.1757),
('mp-1216736', 4.2562),
('mp-1221975', 0.6007),
('mp-12265', 1.0063),
('mp-1226850', 0),
('mp-1230498', 0),
('mp-1230698', 0),
('mp-1230762', 4.5024),
('mp-1231296', 0.2507),
('mp-1232297', 0),
('mp-1237143', 0.4409),
('mp-1237221', 0.4814),
('mp-1237534', 1.0125),
('mp-1239745', 4.3784),
('mp-1239912', 0),
('mp-1240448', 0),
('mp-1240549', 0),
('mp-1240632', 0),
('mp-1241435', 4.4434),
('mp-1242371', 0),
('mp-1242497', 3.9838),
('mp-1242792', 0),
('mp-1243095', 1.0404),
('mp-1243177', 0),
('mp-1243249', 1.1919),
('mp-1248793', 0),
('mp-1249069', 0),
('mp-1249955', 0),
('mp-1252832', 0),
('mp-1253282', 0),
('mp-1253380', 0),
('mp-1253944', 0),
('mp-1257315', 0),
('mp-1257574', 0),
('mp-1258160', 0),
('mp-1258282', 0),
('mp-1258423', 0),
('mp-1258485', 0),
('mp-1258971', 0),
('mp-1259078', 0),
('mp-1260453', 0),
('mp-1260568', 0),
('mp-1260898', 0),
('mp-1261378', 0),
('mp-1262105', 0),
('mp-1262134', 0),
('mp-1263063', 0),
('mp-1263090', 0),
('mp-1263208', 0),
('mp-1263233', 0),
('mp-1263347', 0),
('mp-1264161', 0),
('mp-1264673', 0),
('mp-1264832', 0),
('mp-1266702', 0),
('mp-1267114', 0),
('mp-1267146', 0),
('mp-1267849', 0),
('mp-12780', 0.0684),
('mp-12919', 0),
('mp-1299942', 0),
('mp-1300125', 0),
('mp-1300137', 0),
('mp-1300528', 0),
('mp-13070', 0),
('mp-1325397', 1.4076),
('mp-1326047', 0.3719),
('mp-1326726', 3.6289),
('mp-13272', 0),
('mp-1327891', 2.3794),
('mp-1334065', 3.7742),
('mp-1336758', 0),
('mp-1337737', 3.3362),
('mp-13398', 0),
('mp-1340982', 2.4273),
('mp-1346666', 1.7294),
('mp-1349404', 0),
('mp-1350424', 4.6401),
('mp-1351082', 4.0133),
('mp-1353639', 0.4507),
('mp-1354069', 0.0459),
('mp-1354679', 3.9683),
('mp-1355968', 3.0969),
('mp-1358032', 0.5469),
('mp-1358106', 3.1055),
('mp-1358739', 4.1974),
('mp-1359029', 4.0987),
('mp-1359931', 3.7365),
('mp-1363587', 1.376),
('mp-1369030', 2.4139),
('mp-1369150', 0.4091),
('mp-1371741', 0),
('mp-1380882', 0.1602),
('mp-1380926', 1.6092),
('mp-1381430', 3.7443),
('mp-1382008', 0),
('mp-1382615', 0),
('mp-1385379', 4.265),
('mp-1385514', 0.9312),
('mp-1388362', 3.0069),
('mp-1390129', 0),
('mp-1394352', 0),
('mp-1394765', 3.9889),
('mp-1401963', 2.1506),
('mp-1403972', 0),
('mp-1413775', 0),
('mp-1414588', 0),
('mp-1415188', 1.2504),
('mp-1415337', 0.3482),
('mp-1415528', 0),
('mp-1416025', 0),
('mp-1416220', 0.3865),
('mp-1417290', 0),
('mp-1417347', 0),
('mp-1417397', 1.201),
('mp-1418009', 0),
('mp-1419355', 0),
('mp-1419904', 0),
('mp-1420488', 0),
('mp-1420609', 0.4612),
('mp-1420624', 0),
('mp-1422184', 5.0856),
('mp-1422530', 0),
('mp-1423010', 0),
('mp-1423501', 0),
('mp-1423999', 1.0908),
('mp-1424480', 0),
('mp-1424781', 0),
('mp-1425688', 0),
('mp-1425788', 0),
('mp-1426323', 0),
('mp-1426587', 0.662),
('mp-1426726', 0),
('mp-1426778', 0),
('mp-1427159', 0),
('mp-1429770', 2.6232),
('mp-1430311', 0),
('mp-1431396', 0),
('mp-1431723', 0),
('mp-1432078', 0),
('mp-1432218', 0),
('mp-1432625', 3.1043),
('mp-1434395', 0),
('mp-1434695', 4.7914),
('mp-1434885', 0),
('mp-1435116', 0),
('mp-1435213', 4.4619),
('mp-1436276', 0),
('mp-1437009', 0),
('mp-1437618', 0),
('mp-1437701', 0),
('mp-1437929', 0),
('mp-1438131', 0),
('mp-1438502', 0),
('mp-1438579', 0),
('mp-1438602', 1.9548),
('mp-1438908', 0),
('mp-1438909', 0),
('mp-1439221', 0),
('mp-1439568', 0),
('mp-1439644', 0.3188),
('mp-1439681', 0),
('mp-1439862', 0.5528),
('mp-1439888', 0),
('mp-1440081', 0.8009),
('mp-1440498', 0),
('mp-1441265', 0),
('mp-1442231', 0),
('mp-1442345', 0),
('mp-1443089', 0.5715),
('mp-1458', 0.0693),
('mp-1523487', 0),
('mp-1524249', 0.8851),
('mp-1524286', 0),
('mp-1524505', 0),
('mp-1524911', 1.0379),
('mp-1525584', 0),
('mp-1525605', 0),
('mp-1525606', 4.9925),
('mp-1536189', 0.976),
('mp-1536520', 0.4701),
('mp-1536828', 0),
('mp-1537105', 0),
('mp-1537406', 0),
('mp-1537649', 0),
('mp-1538103', 0),
('mp-1538260', 0),
('mp-1538351', 0),
('mp-1538601', 0),
('mp-1540102', 1.2064),
('mp-1540818', 1.2062),
('mp-1540927', 0.765),
('mp-1541907', 0.7465),
('mp-1544239', 0.4521),
('mp-1546074', 1.2433),
('mp-1546821', 1.103),
('mp-1583518', 1.3805),
('mp-1586297', 0),
('mp-1586312', 0),
('mp-1587511', 0.3848),
('mp-1587664', 0),
('mp-1587791', 0),
('mp-1587830', 0),
('mp-1588222', 0.6944),
('mp-1588250', 0),
('mp-1588332', 0),
('mp-1588421', 1.1791),
('mp-1588467', 0),
('mp-1588690', 0),
('mp-1589748', 0),
('mp-1589843', 0),
('mp-1590137', 0),
('mp-1590342', 0.5532),
('mp-1590383', 0),
('mp-1590563', 0),
('mp-1591057', 0),
('mp-1591286', 0),
('mp-1591344', 0),
('mp-1591833', 1.9454),
('mp-1592138', 0),
('mp-1592201', 0),
('mp-1592306', 0),
('mp-1592548', 0),
('mp-1592934', 5.0892),
('mp-1593030', 0),
('mp-1593146', 0),
('mp-1593983', 0),
('mp-1594194', 0),
('mp-1595200', 0.4312),
('mp-1595664', 0),
('mp-1595692', 0),
('mp-1597037', 0.7013),
('mp-1597180', 4.2733),
('mp-1597279', 0),
('mp-1597295', 4.7985),
('mp-1597924', 0.8036),
('mp-1598367', 2.6223),
('mp-1598944', 0),
('mp-1599172', 0),
('mp-1599245', 1.6148),
('mp-1599746', 0),
('mp-1599763', 0.6675),
('mp-1599931', 0),
('mp-1600787', 0);
INSERT INTO `BandGap1K` (`material_id`, `band_gap`) VALUES
('mp-1600789', 3.102),
('mp-1601011', 0),
('mp-1601231', 0),
('mp-1601930', 3.5833),
('mp-1602237', 0),
('mp-1602333', 0),
('mp-1602496', 0),
('mp-1603464', 0.1882),
('mp-1604315', 0),
('mp-1607666', 0),
('mp-1609765', 0),
('mp-1610445', 0.9578),
('mp-1610750', 0),
('mp-1610772', 0),
('mp-1610876', 0),
('mp-1611785', 0),
('mp-1612626', 0),
('mp-1615632', 0),
('mp-1617211', 0),
('mp-1619829', 0.5247),
('mp-1620738', 0),
('mp-1621931', 0),
('mp-1624219', 0),
('mp-1625463', 2.1253),
('mp-1626730', 3.9886),
('mp-1627315', 4.2685),
('mp-1629253', 3.7741),
('mp-1637561', 3.6274),
('mp-1654458', 0.8948),
('mp-1660018', 0),
('mp-1667949', 0),
('mp-1667995', 1.9839),
('mp-1670241', 0),
('mp-1671253', 0),
('mp-1672060', 0),
('mp-1672136', 0.4714),
('mp-1673092', 0),
('mp-1674159', 0),
('mp-1674211', 0),
('mp-1674280', 0),
('mp-1675118', 1.0908),
('mp-1675698', 0),
('mp-1676084', 0),
('mp-1676597', 3.7376),
('mp-1676820', 1.6239),
('mp-1677079', 0.1941),
('mp-1677343', 0),
('mp-1677535', 0),
('mp-1677669', 0),
('mp-1677678', 0),
('mp-1678400', 0),
('mp-1678519', 0),
('mp-1680054', 3.1049),
('mp-1680082', 0),
('mp-1683744', 4.018),
('mp-1684908', 3.97),
('mp-1686422', 0.8),
('mp-1687400', 0),
('mp-1687777', 0),
('mp-1688026', 0),
('mp-1688177', 0),
('mp-1688396', 0),
('mp-1688658', 0),
('mp-1694953', 0.7541),
('mp-1695483', 0),
('mp-1695562', 0),
('mp-1695812', 0),
('mp-1696052', 0),
('mp-1696565', 0),
('mp-1696619', 0),
('mp-1696652', 0.8389),
('mp-1697169', 2.664),
('mp-1697602', 0),
('mp-1697860', 0),
('mp-1697870', 0),
('mp-1697969', 0.3863),
('mp-1698594', 0),
('mp-1699041', 4.962),
('mp-1699934', 0.3877),
('mp-1700102', 0.4426),
('mp-1700298', 0),
('mp-1700485', 0),
('mp-1700490', 0),
('mp-1700652', 0),
('mp-1700880', 3.39),
('mp-1700957', 0),
('mp-1701087', 0),
('mp-1701205', 1.1954),
('mp-1701254', 0),
('mp-1702478', 4.4621),
('mp-1702657', 0),
('mp-1703303', 0),
('mp-1703829', 0),
('mp-1704790', 0),
('mp-1704968', 5.0892),
('mp-1705260', 0),
('mp-1716449', 0),
('mp-1727476', 3.0108),
('mp-1731093', 0),
('mp-1733832', 0),
('mp-1734098', 4.2685),
('mp-1734989', 0),
('mp-1742601', 0.9321),
('mp-1751163', 4.1826),
('mp-1752084', 0.5679),
('mp-1754451', 0),
('mp-1760264', 0),
('mp-1760944', 2.1501),
('mp-1764290', 0),
('mp-1764757', 0),
('mp-1766311', 0),
('mp-1776106', 0),
('mp-1776133', 0),
('mp-1776789', 0),
('mp-1777623', 0),
('mp-1779415', 0),
('mp-1779601', 1.2414),
('mp-1780759', 0),
('mp-1780867', 0),
('mp-1781329', 0),
('mp-1781982', 0),
('mp-1782244', 1.9779),
('mp-1782675', 0),
('mp-1783848', 0.7972),
('mp-1783983', 0),
('mp-1784808', 0),
('mp-1786009', 0),
('mp-1787034', 4.9199),
('mp-1787543', 0.4603),
('mp-1788009', 4.4575),
('mp-1788345', 3.3937),
('mp-1788569', 0),
('mp-1788680', 0),
('mp-1789267', 0.0002),
('mp-1791003', 0),
('mp-1791293', 0),
('mp-1791337', 0.4782),
('mp-1791981', 0),
('mp-1792103', 0),
('mp-1792244', 0),
('mp-1793106', 0),
('mp-1793857', 0),
('mp-1794589', 0),
('mp-1795425', 0),
('mp-1795512', 0),
('mp-1796073', 0),
('mp-1796508', 0),
('mp-1797243', 0),
('mp-1798653', 0.3945),
('mp-1798811', 0),
('mp-1798899', 0),
('mp-1799646', 0.6272),
('mp-1801227', 0),
('mp-1801655', 0),
('mp-1801658', 0),
('mp-1802266', 0),
('mp-1802415', 0),
('mp-1802529', 0),
('mp-1803167', 0),
('mp-1803574', 0),
('mp-1803794', 0),
('mp-1806407', 1.624),
('mp-1810115', 0),
('mp-1816090', 4.2703),
('mp-1816535', 4.1844),
('mp-1819337', 2.396),
('mp-1820911', 4.3159),
('mp-1827458', 0.7496),
('mp-1827995', 0),
('mp-1829004', 0),
('mp-1830078', 0),
('mp-1832650', 0),
('mp-1832928', 0),
('mp-1833255', 0.0848),
('mp-1834902', 0),
('mp-1835695', 0),
('mp-1836630', 0),
('mp-1840863', 0.0204),
('mp-1842058', 2.9887),
('mp-1842664', 0),
('mp-1849494', 3.7731),
('mp-1850198', 3.6279),
('mp-1860717', 0),
('mp-1867946', 0.5725),
('mp-1870475', 0),
('mp-1870640', 5.0898),
('mp-1872016', 0.5617),
('mp-1872275', 1.731),
('mp-1872861', 3.7379),
('mp-1875672', 0),
('mp-1876575', 0),
('mp-1878535', 0),
('mp-1887301', 1.0913),
('mp-1889274', 3.1034),
('mp-1891763', 3.7682),
('mp-1894766', 4.0224),
('mp-1894768', 1.4658),
('mp-1895271', 3.9743),
('mp-1895506', 4.179),
('mp-1896600', 0.567),
('mp-18972', 0),
('mp-1897512', 4.6358),
('mp-1897837', 0.935),
('mp-1920487', 2.5276),
('mp-1921231', 0),
('mp-1924018', 2.1494),
('mp-1924669', 0),
('mp-1928483', 0),
('mp-1929487', 1.2013),
('mp-1929731', 2.6967),
('mp-1930644', 3.095),
('mp-1930863', 4.9603),
('mp-1931161', 0),
('mp-1932256', 0),
('mp-1934014', 0),
('mp-1935076', 0.5947),
('mp-19959', 0.0194),
('mp-20025', 1.3204),
('mp-20490', 0.0647),
('mp-20700', 0.0106),
('mp-20735', 0.0078),
('mp-20779', 0.0026),
('mp-20789', 0.0301),
('mp-21242', 0.0498),
('mp-22263', 0.0139),
('mp-22522', 0.0189),
('mp-23033', 1.9598),
('mp-23164', 1.2259),
('mp-2436', 0.0514),
('mp-27303', 0.7622),
('mp-27339', 4.1101),
('mp-27893', 3.8998),
('mp-27985', 5.2685),
('mp-28295', 3.2692),
('mp-28607', 0),
('mp-28698', 0.437),
('mp-288', 0.5365),
('mp-28978', 1.7443),
('mp-30151', 0.2859),
('mp-3048', 0),
('mp-30770', 0.0129),
('mp-30855', 0.0025),
('mp-31163', 0),
('mp-31178', 0.0226),
('mp-32163', 2.8804),
('mp-3455', 0),
('mp-4009', 0.525),
('mp-504786', 5.2642),
('mp-510140', 0),
('mp-541507', 0.028),
('mp-541837', 0.4946),
('mp-551214', 0),
('mp-551675', 0.2913),
('mp-552120', 4.2874),
('mp-554926', 1.5284),
('mp-555382', 0),
('mp-558811', 0.5411),
('mp-560449', 4.6238),
('mp-561628', 0),
('mp-565780', 1.5853),
('mp-567589', 0),
('mp-567808', 0),
('mp-567840', 0),
('mp-569981', 0),
('mp-573651', 0),
('mp-582988', 0.9234),
('mp-592', 0.5362),
('mp-613384', 0),
('mp-613509', 0.3667),
('mp-614918', 2.2287),
('mp-618578', 1.5856),
('mp-622375', 0.501),
('mp-641703', 2.4873),
('mp-642279', 0),
('mp-643701', 4.2303),
('mp-655230', 2.2461),
('mp-655431', 0),
('mp-656253', 1.2333),
('mp-657130', 0),
('mp-657137', 0),
('mp-657683', 3.9),
('mp-657986', 0.9217),
('mp-659418', 1.1795),
('mp-659940', 2.2493),
('mp-660654', 2.1293),
('mp-660811', 1.5941),
('mp-661374', 2.1238),
('mp-661614', 2.6265),
('mp-662815', 0.4961),
('mp-663541', 1.961),
('mp-664169', 1.9398),
('mp-664231', 2.4883),
('mp-664908', 1.1795),
('mp-665', 0.7004),
('mp-665179', 0.4646),
('mp-665212', 0.3669),
('mp-665229', 0.3669),
('mp-665298', 0),
('mp-665302', 1.1624),
('mp-665365', 3.7727),
('mp-665511', 0.6912),
('mp-665869', 4.6651),
('mp-666015', 0.9057),
('mp-669316', 3.0624),
('mp-669744', 0.5252),
('mp-669750', 4.2844),
('mp-670416', 1.6325),
('mp-671087', 2.4783),
('mp-671218', 0.7004),
('mp-679086', 1.9398),
('mp-679202', 2.4173),
('mp-679964', 0.9706),
('mp-680346', 3.7727),
('mp-680651', 0.6596),
('mp-680894', 1.0062),
('mp-681216', 4.6287),
('mp-681335', 0.8982),
('mp-681348', 1.5438),
('mp-682789', 5.2679),
('mp-687762', 0.703),
('mp-687863', 0.7018),
('mp-688918', 4.2988),
('mp-689025', 0.3844),
('mp-689049', 4.2707),
('mp-689455', 3.0912),
('mp-690711', 4.4593),
('mp-697267', 4.0863),
('mp-700377', 2.4142),
('mp-700896', 0.9558),
('mp-701092', 0.6707),
('mp-701541', 1.5297),
('mp-702728', 5.0908),
('mp-705546', 4.1098),
('mp-707535', 2.4083),
('mp-708874', 5.0908),
('mp-712464', 0.7597),
('mp-712945', 1.5296),
('mp-719442', 4.0163),
('mp-725538', 4.421),
('mp-727083', 4.2688),
('mp-728775', 2.4009),
('mp-731959', 4.182),
('mp-732312', 4.1278),
('mp-733325', 2.3846),
('mp-737055', 2.3823),
('mp-742998', 3.997),
('mp-749706', 3.9882),
('mp-750429', 3.9699),
('mp-768457', 3.7143),
('mp-768484', 3.1799),
('mp-768486', 3.6818),
('mp-768500', 3.21),
('mp-777615', 3.4662),
('mp-778', 0),
('mp-792571', 3.4618),
('mp-794420', 3.3325),
('mp-795162', 3.3325),
('mp-825465', 0.4484),
('mp-835041', 0.1765),
('mp-835825', 0.1327),
('mp-842511', 0.3844),
('mp-842611', 1.5978),
('mp-842883', 0.6596),
('mp-842995', 0.3844),
('mp-846373', 4.0194),
('mp-846992', 4.0163),
('mp-848807', 4.2692),
('mp-852681', 3.1784),
('mp-852685', 3.715),
('mp-852695', 3.2098),
('mp-852696', 3.6824),
('mp-855570', 3.6256),
('mp-855571', 3.0776),
('mp-855577', 3.6732),
('mp-855635', 3.1012),
('mp-856457', 3.1012),
('mp-860047', 4.2688),
('mp-864017', 3.9718),
('mp-864995', 0),
('mp-8796', 4.6651),
('mp-905889', 0),
('mp-906090', 0),
('mp-907386', 0),
('mp-907438', 0),
('mp-908203', 0),
('mp-909797', 0),
('mp-909870', 0.4357),
('mp-910466', 0),
('mp-910583', 0),
('mp-911411', 0),
('mp-912228', 0),
('mp-912590', 0),
('mp-912653', 0),
('mp-912684', 0),
('mp-912856', 0),
('mp-913040', 0),
('mp-913241', 0),
('mp-913248', 0),
('mp-914525', 0),
('mp-914556', 0),
('mp-914973', 0),
('mp-915469', 0),
('mp-916509', 0.4043),
('mp-918835', 0),
('mp-918943', 0),
('mp-919836', 0),
('mp-919951', 0),
('mp-920798', 0),
('mp-920812', 0),
('mp-921823', 0),
('mp-921863', 0),
('mp-922643', 0),
('mp-923405', 0),
('mp-924829', 0),
('mp-924887', 0.4356),
('mp-925356', 0),
('mp-925855', 0.4356),
('mp-926287', 0),
('mp-926337', 0),
('mp-926810', 0),
('mp-926882', 0),
('mp-927372', 0),
('mp-927806', 0),
('mp-928241', 0),
('mp-928778', 0),
('mp-929024', 0),
('mp-929104', 0),
('mp-929143', 0),
('mp-929178', 0),
('mp-929258', 0),
('mp-929391', 0),
('mp-929445', 0),
('mp-929525', 0),
('mp-929545', 0),
('mp-929760', 0),
('mp-929782', 0),
('mp-930125', 0),
('mp-930252', 0),
('mp-930290', 0),
('mp-931197', 0),
('mp-931877', 0.4111),
('mp-932179', 0),
('mp-932790', 0),
('mp-933192', 0),
('mp-935050', 0),
('mp-935110', 0),
('mp-937115', 0),
('mp-937225', 0.4109),
('mp-941220', 0),
('mp-941526', 0),
('mp-941737', 0),
('mp-941771', 0),
('mp-941881', 0),
('mp-941957', 0),
('mp-942062', 0),
('mp-943077', 0),
('mp-943390', 0),
('mp-943539', 0),
('mp-972916', 0),
('mp-974386', 0),
('mp-974404', 0),
('mp-974428', 0),
('mp-974443', 0),
('mp-977910', 0),
('mp-977932', 0),
('mp-978159', 0),
('mp-9808', 2.6266),
('mp-987036', 0.4403),
('mp-988040', 0.4333),
('mp-988285', 0.4291),
('mp-990480', 0.0139),
('mp-991352', 0),
('mp-991515', 0),
('mp-991766', 0.3041),
('mp-991956', 0),
('mp-992087', 0),
('mp-992305', 0.3831),
('mp-992320', 0),
('mp-992401', 0),
('mp-992512', 0),
('mp-993293', 0),
('mp-993467', 0),
('mp-993700', 0),
('mp-993921', 0.378),
('mp-993976', 0),
('mp-994035', 0),
('mp-994606', 0),
('mp-994798', 0),
('mp-995013', 0),
('mp-995072', 0),
('mp-995262', 3.6732),
('mp-995913', 3.6256),
('mp-999118', 0),
('mp-999120', 0),
('mp-999131', 0),
('mp-999146', 0),
('mp-999149', 0),
('mp-999153', 0),
('mp-999162', 0),
('mp-999172', 0);
