DROP TABLE IF EXISTS `Calculation1K`;
CREATE TABLE `Calculation1K` (
  `entry_id` varchar(50) NOT NULL,
  `calculation_id` varchar(50) NOT NULL,
  PRIMARY KEY (`calculation_id`)
) ENGINE=InnoDB DEFAULT CHARSET=latin1;

DROP TABLE IF EXISTS `Structure1K`;
CREATE TABLE `Structure1K` (
  `entry_id` varchar(50) NOT NULL,
  `calculation_id` varchar(50) NOT NULL,
  PRIMARY KEY (`calculation_id`)
) ENGINE=InnoDB DEFAULT CHARSET=latin1;

DROP TABLE IF EXISTS `Composition1K`;
CREATE TABLE `Composition1K` (
  `entry_id` varchar(50) NOT NULL,
  `calculation_id` varchar(50) NOT NULL,
  `name` varchar(50) DEFAULT NULL,
  PRIMARY KEY (`calculation_id`)
) ENGINE=InnoDB DEFAULT CHARSET=latin1;

DROP TABLE IF EXISTS `BandGap1K`;
CREATE TABLE `BandGap1K` (
  `entry_id` varchar(50) NOT NULL,
  `calculation_id` varchar(50) NOT NULL,
  `band_gap` float NOT NULL,
  PRIMARY KEY (`calculation_id`)
) ENGINE=InnoDB DEFAULT CHARSET=latin1;

DROP TABLE IF EXISTS `SpaceGroup1K`;
CREATE TABLE `SpaceGroup1K` (
  `entry_id` varchar(50) NOT NULL,
  `calculation_id` varchar(50) NOT NULL,
  `spacegroup` varchar(50) DEFAULT NULL,
  PRIMARY KEY (`calculation_id`)
) ENGINE=InnoDB DEFAULT CHARSET=latin1;

DROP TABLE IF EXISTS `FormationEnergy1K`;
CREATE TABLE `FormationEnergy1K` (
  `entry_id` varchar(50) NOT NULL,
  `calculation_id` varchar(50) NOT NULL,
  `delta_e` float NOT NULL,
  PRIMARY KEY (`calculation_id`)
) ENGINE=InnoDB DEFAULT CHARSET=latin1;

INSERT INTO `Calculation1K` (`entry_id`, `calculation_id`) VALUES
('25672', '1352933'),
('1216058', '2454'),
('1216098', '2689'),
('4698', '3346'),
('8130', '3588'),
('8132', '3592'),
('8203', '3612'),
('7503', '3619'),
('8533', '3620'),
('7517', '3624'),
('8082', '3629'),
('8086', '3637'),
('8100', '3638'),
('12054', '3681'),
('8500', '3697'),
('7514', '3721'),
('9566', '3723'),
('9320', '3726'),
('10106', '3729'),
('8586', '3732'),
('17350', '3749'),
('12055', '3763'),
('16720', '3788'),
('7513', '3794'),
('7521', '3798'),
('17319', '3804'),
('22514', '3829'),
('22516', '3833'),
('7505', '3845'),
('7512', '3847'),
('7519', '3849'),
('7522', '3853'),
('6321', '3859'),
('5810', '3861'),
('18114', '3908'),
('22472', '3911'),
('8391', '3976'),
('7509', '3977'),
('7520', '3980'),
('17859', '3981'),
('10676', '3983'),
('17860', '3984'),
('6320', '3986'),
('10678', '3987'),
('17352', '3991'),
('10681', '3992'),
('10937', '3994'),
('21452', '3995'),
('17610', '3997'),
('10683', '3998'),
('18891', '3999'),
('17612', '4001'),
('19149', '4003'),
('17360', '4004'),
('4566', '4007'),
('8134', '4044'),
('8138', '4047'),
('31044', '4049'),
('8144', '4050'),
('8520', '4060'),
('3925', '4064'),
('13761', '4069'),
('30000', '4071'),
('18895', '4073'),
('8143', '4075'),
('7648', '4076'),
('7649', '4086'),
('8390', '4108'),
('9214', '4113'),
('12056', '4117'),
('9277', '4136'),
('9287', '4137'),
('28966', '4153'),
('30508', '4154'),
('31023', '4158'),
('31025', '4160'),
('31283', '4161'),
('10944', '4162'),
('30004', '4164'),
('8386', '4165'),
('18984', '4183'),
('13862', '4191'),
('20540', '4200'),
('20541', '4201'),
('8534', '4208'),
('8568', '4213'),
('13705', '4220'),
('8597', '4222'),
('17585', '4224'),
('19150', '4236'),
('30264', '4237'),
('31032', '4239'),
('22272', '4247'),
('18780', '4258'),
('13650', '4260'),
('9316', '4265'),
('5499', '4267'),
('5517', '4268'),
('21449', '4274'),
('8118', '4276'),
('21453', '4278'),
('8122', '4280'),
('18131', '4281'),
('17621', '4283'),
('18903', '4284'),
('18904', '4286'),
('17625', '4289'),
('20443', '4291'),
('17627', '4295'),
('18140', '4297'),
('8139', '4299'),
('17629', '4306'),
('17630', '4308'),
('8141', '4310'),
('19423', '4314'),
('22242', '4316'),
('6318', '4333'),
('17349', '4337'),
('18896', '4340'),
('18136', '4342'),
('30785', '4346'),
('19422', '4352'),
('8142', '4353'),
('22243', '4357'),
('28740', '4358'),
('10705', '4359'),
('18145', '4361'),
('27974', '4363'),
('8145', '4366'),
('17380', '4368'),
('18148', '4370'),
('28744', '4372'),
('30536', '4374'),
('30025', '4376'),
('17638', '4378'),
('10711', '4382'),
('10712', '4388'),
('17640', '4390'),
('18152', '4392'),
('18153', '4394'),
('17386', '4395'),
('10715', '4398'),
('29007', '4399'),
('10972', '4401'),
('9301', '4419'),
('22248', '4439'),
('18156', '4441'),
('17389', '4442'),
('18157', '4443'),
('8156', '4445'),
('17646', '4446'),
('20463', '4448'),
('20464', '4452'),
('20721', '4453'),
('10720', '4456'),
('17392', '4458'),
('17904', '4460'),
('20465', '4461'),
('20466', '4463'),
('17650', '4464'),
('17906', '4466'),
('18674', '4468'),
('20467', '4469'),
('22309', '4478'),
('12059', '4483'),
('9297', '4491'),
('22473', '4495'),
('8119', '4498'),
('20684', '4500'),
('22262', '4505'),
('29784', '4509'),
('30040', '4511'),
('17397', '4512'),
('22264', '4514'),
('12057', '4536'),
('12058', '4537'),
('10325', '4546'),
('10105', '4549'),
('14014', '4554'),
('8123', '4556'),
('4543', '4559'),
('11469', '4561'),
('29003', '4563'),
('20469', '4566'),
('5497', '4601'),
('4523', '4610'),
('22475', '4611'),
('17907', '4625'),
('29018', '4627'),
('10182', '4659'),
('9672', '4660'),
('10445', '4664'),
('14034', '4665'),
('30534', '4668'),
('29013', '4672'),
('8162', '4674'),
('22476', '4692'),
('17353', '4694'),
('22221', '4696'),
('17383', '4710'),
('8155', '4714'),
('8115', '4734'),
('18147', '4742'),
('30535', '4744'),
('30537', '4749'),
('17898', '4752'),
('14052', '4755'),
('8163', '4761'),
('21451', '4787'),
('30533', '4788'),
('13784', '4789'),
('14051', '4792'),
('20468', '4794'),
('4578', '4802'),
('10729', '4804'),
('17657', '4805'),
('18169', '4806'),
('10986', '4807'),
('17402', '4808'),
('12061', '4844'),
('12062', '4845'),
('12064', '4847'),
('8165', '4866'),
('4579', '4870'),
('17404', '4871'),
('17660', '4873'),
('18172', '4874'),
('3311', '4880'),
('18967', '4904'),
('19480', '4905'),
('12060', '4907'),
('12063', '4908'),
('8164', '4918'),
('17661', '4919'),
('5624', '4944'),
('5625', '4948'),
('5626', '4955'),
('4177', '4961'),
('14036', '4964'),
('29020', '4966'),
('29022', '4967'),
('5627', '4976'),
('6912', '5002'),
('14035', '5021'),
('5578', '5023'),
('22263', '5029'),
('29023', '5031'),
('17406', '5033'),
('18174', '5034'),
('10991', '5035'),
('17407', '5036'),
('17663', '5037'),
('20737', '5038'),
('10480', '5039'),
('10736', '5040'),
('18176', '5041'),
('2562', '5057'),
('12065', '5073'),
('12074', '5080'),
('4672', '5084'),
('8159', '5092'),
('17655', '5093'),
('8166', '5095'),
('8167', '5096'),
('29029', '5099'),
('30309', '5100'),
('5613', '5101'),
('9972', '5103'),
('10997', '5105'),
('17413', '5108'),
('1797', '5115'),
('12067', '5129'),
('12069', '5130'),
('12070', '5131'),
('12073', '5133'),
('17557', '5139'),
('22474', '5140'),
('13762', '5144'),
('14025', '5145'),
('8154', '5146'),
('17399', '5147'),
('6117', '5149'),
('31334', '5151'),
('17414', '5153'),
('29034', '5155'),
('3084', '5174'),
('4110', '5176'),
('18981', '5184'),
('18988', '5187'),
('8147', '5192'),
('8158', '5194'),
('7652', '5196'),
('8168', '5198'),
('8170', '5199'),
('22530', '5200'),
('22284', '5209'),
('30061', '5210'),
('22285', '5213'),
('21518', '5214'),
('29039', '5215'),
('22287', '5216'),
('11005', '5218'),
('4111', '5224'),
('14032', '5239'),
('8146', '5242'),
('8173', '5248'),
('5615', '5249'),
('20234', '5250'),
('17419', '5251'),
('31087', '5254'),
('17935', '5259'),
('29043', '5261'),
('30067', '5262'),
('29044', '5264'),
('10497', '5267'),
('20242', '5271'),
('2577', '5281'),
('2578', '5284'),
('2580', '5289'),
('8117', '5295'),
('20685', '5297'),
('6116', '5304'),
('6628', '5305'),
('13807', '5308'),
('17670', '5310'),
('21515', '5311'),
('20235', '5312'),
('17676', '5313'),
('31091', '5315'),
('17424', '5316'),
('19476', '5317'),
('17429', '5318'),
('17686', '5320'),
('9226', '5322'),
('5404', '5336'),
('10930', '5349'),
('8121', '5351'),
('18905', '5352'),
('6119', '5355'),
('21508', '5362'),
('31079', '5364'),
('11508', '5366'),
('22537', '5368'),
('21516', '5370'),
('29816', '5371'),
('17432', '5372'),
('17944', '5374'),
('11019', '5375'),
('5664', '5381'),
('4641', '5390'),
('12068', '5399'),
('8171', '5405'),
('21510', '5411'),
('21517', '5414'),
('30063', '5415'),
('18193', '5418'),
('30843', '5419'),
('9225', '5420'),
('17436', '5422'),
('11022', '5424'),
('8169', '5446'),
('11510', '5447'),
('18721', '5449'),
('4138', '5459'),
('5677', '5461'),
('6958', '5469'),
('5166', '5473'),
('4656', '5477'),
('5426', '5483'),
('5427', '5488'),
('8157', '5497'),
('17671', '5498'),
('11000', '5499'),
('30060', '5501'),
('17168', '5503'),
('17680', '5504'),
('11012', '5505'),
('6913', '5506'),
('29826', '5507'),
('17441', '5508'),
('10516', '5509'),
('17700', '5510'),
('17446', '5511'),
('4149', '5523'),
('4150', '5529'),
('5176', '5535'),
('22268', '5539'),
('11511', '5541'),
('11512', '5543'),
('17685', '5550'),
('5632', '5551'),
('8206', '5557'),
('10777', '5558'),
('5177', '5560'),
('7484', '5566'),
('5179', '5572'),
('5181', '5581'),
('6974', '5582'),
('8001', '5584'),
('12071', '5587'),
('12072', '5588'),
('14029', '5590'),
('5611', '5593'),
('21513', '5594'),
('8182', '5595'),
('11514', '5596'),
('29551', '5597'),
('21520', '5598'),
('17427', '5600'),
('22298', '5602'),
('17187', '5605'),
('21289', '5606'),
('29834', '5607'),
('20780', '5609'),
('8480', '5611'),
('5182', '5615'),
('6975', '5617'),
('4671', '5626'),
('5183', '5628'),
('18160', '5630'),
('10940', '5636'),
('8383', '5637'),
('8389', '5638'),
('6095', '5639'),
('10965', '5640'),
('30819', '5641'),
('11505', '5642'),
('21509', '5643'),
('5616', '5645'),
('22308', '5652'),
('17457', '5654'),
('17970', '5655'),
('8112', '5690'),
('5834', '5693'),
('6118', '5695'),
('11509', '5697'),
('30058', '5698'),
('21514', '5699'),
('11517', '5703'),
('17425', '5704'),
('7682', '5705'),
('8196', '5706'),
('9221', '5707'),
('22306', '5710'),
('31121', '5712'),
('31126', '5714'),
('17460', '5715'),
('4163', '5722'),
('12066', '5727'),
('17861', '5729'),
('13795', '5731'),
('4568', '5732'),
('7651', '5734'),
('8172', '5735'),
('22305', '5737'),
('17454', '5740'),
('30357', '5744'),
('10789', '5745'),
('5151', '5746'),
('10793', '5748'),
('20282', '5749'),
('20241', '5767'),
('17439', '5773'),
('30618', '5779'),
('17207', '5780'),
('20281', '5781'),
('17467', '5784'),
('17980', '5785'),
('30370', '5787'),
('10544', '5789'),
('11312', '5790'),
('17987', '5791'),
('10550', '5792'),
('10817', '5793'),
('31106', '5810'),
('10963', '5811'),
('6096', '5812'),
('14050', '5813'),
('18158', '5814'),
('5081', '5815'),
('20743', '5820'),
('20744', '5821'),
('28037', '5826'),
('17443', '5827'),
('4108', '5828'),
('17448', '5830'),
('17197', '5831'),
('17459', '5832'),
('17492', '5833'),
('5709', '5836'),
('7247', '5847'),
('7248', '5852'),
('5714', '5858'),
('18159', '5860'),
('22281', '5862'),
('20243', '5863'),
('22304', '5864'),
('17212', '5867'),
('8235', '5869'),
('10797', '5870');
INSERT INTO `Calculation1K` (`entry_id`, `calculation_id`) VALUES
('30881', '5872'),
('10542', '5873'),
('10799', '5875'),
('17474', '5876'),
('29867', '5878'),
('17746', '5880'),
('6836', '5914'),
('6100', '5916'),
('11507', '5918'),
('17170', '5919'),
('10775', '5920'),
('11031', '5921'),
('18741', '5923'),
('21569', '5925'),
('30632', '5926'),
('17989', '5927'),
('17479', '5928'),
('29100', '5929'),
('29868', '5930'),
('17481', '5931'),
('10810', '5932'),
('17995', '5933'),
('10813', '5937'),
('4949', '5943'),
('3670', '5955'),
('3671', '5958'),
('17750', '5970'),
('18015', '5972'),
('30774', '5978'),
('8161', '5980'),
('11516', '5984'),
('13825', '5985'),
('21519', '5986'),
('17422', '5987'),
('19509', '5993'),
('31332', '6004'),
('17677', '6006'),
('11013', '6008'),
('3679', '6014'),
('30376', '6023'),
('21321', '6024'),
('17225', '6025'),
('7479', '6027'),
('10558', '6030'),
('17486', '6031'),
('10561', '6032'),
('5180', '6033'),
('4707', '6039'),
('21307', '6043'),
('21563', '6044'),
('3685', '6049'),
('17703', '6050'),
('7452', '6051'),
('30616', '6054'),
('30631', '6057'),
('7523', '6062'),
('3682', '6068'),
('3683', '6069'),
('5736', '6073'),
('21324', '6076'),
('6924', '6084'),
('4109', '6085'),
('17490', '6087'),
('10823', '6088'),
('5734', '6091'),
('3684', '6094'),
('5735', '6095'),
('3686', '6097'),
('8120', '6100'),
('4567', '6105'),
('17421', '6113'),
('20240', '6114'),
('1897', '6116'),
('1898', '6119'),
('17215', '6121'),
('4151', '6122'),
('17751', '6123'),
('12625', '6124'),
('18797', '6126'),
('5737', '6127'),
('5738', '6128'),
('30095', '6145'),
('21322', '6147'),
('4657', '6148'),
('10822', '6150'),
('5236', '6154'),
('6097', '6158'),
('18979', '6159'),
('22310', '6160'),
('22313', '6161'),
('5686', '6162'),
('8487', '6165'),
('21323', '6166'),
('30124', '6167'),
('21326', '6168'),
('22360', '6169'),
('7540', '6176'),
('29026', '6190'),
('18199', '6194'),
('14102', '6198'),
('21332', '6200'),
('17780', '6203'),
('8051', '6210'),
('18488', '6222'),
('21327', '6223'),
('13637', '6224'),
('17496', '6226'),
('5242', '6231'),
('8472', '6235'),
('28054', '6236'),
('10539', '6239'),
('11589', '6241'),
('10576', '6242'),
('10087', '6245'),
('29922', '6246'),
('21308', '6249'),
('8239', '6251'),
('5695', '6253'),
('17500', '6254'),
('5238', '6256'),
('14105', '6258'),
('20836', '6261'),
('4708', '6262'),
('5239', '6288'),
('20089', '6291'),
('6099', '6292'),
('10969', '6293'),
('6101', '6294'),
('10971', '6296'),
('21522', '6298'),
('21330', '6300'),
('21338', '6301'),
('8519', '6302'),
('17248', '6303'),
('18785', '6305'),
('30405', '6306'),
('18050', '6310'),
('17795', '6311'),
('22410', '6312'),
('30778', '6320'),
('8394', '6321'),
('10957', '6322'),
('20522', '6327'),
('27280', '6328'),
('21325', '6329'),
('20565', '6330'),
('10573', '6332'),
('13907', '6333'),
('22370', '6334'),
('20837', '6335'),
('18788', '6337'),
('5241', '6343'),
('4731', '6349'),
('8113', '6351'),
('8384', '6352'),
('22368', '6356'),
('10323', '6358'),
('30152', '6359'),
('17512', '6360'),
('8063', '6365'),
('18987', '6374'),
('8273', '6377'),
('29642', '6378'),
('8506', '6384'),
('6098', '6415'),
('5614', '6416'),
('10840', '6419'),
('18025', '6422'),
('17522', '6427'),
('20622', '6429'),
('10365', '6430'),
('5771', '6433'),
('7823', '6445'),
('8079', '6446'),
('8080', '6450'),
('11321', '6458'),
('17484', '6459'),
('21331', '6460'),
('12378', '6463'),
('10846', '6465'),
('30932', '6466'),
('17525', '6467'),
('18038', '6469'),
('30426', '6470'),
('4497', '6472'),
('4498', '6484'),
('6293', '6489'),
('9295', '6492'),
('21337', '6494'),
('14013', '6501'),
('11506', '6502'),
('6296', '6504'),
('8091', '6505'),
('22276', '6506'),
('21521', '6508'),
('22303', '6510'),
('10077', '6515'),
('17776', '6516'),
('18036', '6517'),
('17530', '6519'),
('10623', '6522'),
('8254', '6528'),
('17297', '6529'),
('10375', '6531'),
('18839', '6532'),
('18073', '6533'),
('17306', '6534'),
('27646', '6535'),
('29950', '6536'),
('31231', '6537'),
('10894', '6538'),
('7826', '6540'),
('8507', '6543'),
('17538', '6544'),
('4248', '6546'),
('22314', '6551'),
('10632', '6553'),
('29957', '6554'),
('3735', '6559'),
('21309', '6563'),
('8252', '6564'),
('5178', '6565'),
('21334', '6566'),
('10066', '6567'),
('8281', '6570'),
('30434', '6573'),
('17536', '6574'),
('5995', '6575'),
('13691', '6576'),
('9288', '6579'),
('18044', '6581'),
('27877', '6582'),
('10867', '6583'),
('17541', '6584'),
('21113', '6587'),
('17788', '6588'),
('18067', '6589'),
('10125', '6591'),
('10639', '6592'),
('30950', '6597'),
('10359', '6598'),
('10936', '6600'),
('5822', '6601'),
('18457', '6604'),
('18458', '6605'),
('23862', '6606'),
('11024', '6607'),
('11301', '6608'),
('8484', '6609'),
('21329', '6625'),
('30413', '6628'),
('30414', '6629'),
('9319', '6633'),
('1949', '6640'),
('10280', '6643'),
('21336', '6644'),
('8272', '6645'),
('30156', '6646'),
('7771', '6647'),
('18818', '6648'),
('19332', '6649'),
('19333', '6650'),
('18054', '6651'),
('21386', '6652'),
('11128', '6653'),
('5783', '6654'),
('22367', '6659'),
('12376', '6660'),
('10361', '6661'),
('18313', '6662'),
('18829', '6663'),
('19341', '6664'),
('29686', '6665'),
('21407', '6667'),
('18088', '6668'),
('21306', '6673'),
('21335', '6675'),
('8278', '6677'),
('10879', '6678'),
('17583', '6679'),
('5793', '6691'),
('2466', '6692'),
('8431', '6694'),
('18454', '6695'),
('30415', '6700'),
('8485', '6705'),
('10315', '6706'),
('20574', '6707'),
('10081', '6709'),
('10609', '6710'),
('18057', '6711'),
('19339', '6712'),
('11590', '6722'),
('8285', '6725'),
('30423', '6726'),
('10362', '6727'),
('16942', '6743'),
('20278', '6744'),
('30151', '6745'),
('8535', '6747'),
('3678', '6748'),
('7553', '6750'),
('18100', '6753'),
('28120', '6775'),
('8090', '6780'),
('9275', '6786'),
('14069', '6787'),
('8260', '6788'),
('11602', '6789'),
('18072', '6790'),
('10900', '6799'),
('22454', '6800'),
('18717', '6808'),
('11153', '6809'),
('31237', '6810'),
('11137', '6837'),
('8149', '6843'),
('21328', '6846'),
('10320', '6848'),
('8293', '6850'),
('7552', '6853'),
('18325', '6854'),
('17558', '6855'),
('18076', '6856'),
('21409', '6858'),
('10896', '6860'),
('10128', '6861'),
('10649', '6862'),
('10906', '6863'),
('18090', '6864'),
('8355', '6865'),
('18106', '6866'),
('1956', '6870'),
('10672', '6873'),
('8385', '6882'),
('13641', '6886'),
('8517', '6887'),
('8269', '6889'),
('30411', '6890'),
('8286', '6893'),
('11114', '6896'),
('18819', '6897'),
('28662', '6899'),
('18079', '6901'),
('18083', '6904'),
('17063', '6905'),
('17320', '6906'),
('14033', '6907'),
('21512', '6909'),
('8251', '6910'),
('8295', '6916'),
('5237', '6918'),
('17314', '6919'),
('30990', '6923'),
('17067', '6925'),
('11166', '6927'),
('18097', '6929'),
('10673', '6930'),
('5809', '6935'),
('22432', '6945'),
('11159', '6946'),
('18099', '6948'),
('3258', '6956'),
('18759', '6981'),
('7551', '6984'),
('19093', '6985'),
('18867', '6987'),
('22456', '6988'),
('17895', '7003'),
('8294', '7005'),
('30994', '7008'),
('30230', '7010'),
('18101', '7011'),
('17590', '7012'),
('17591', '7013'),
('17596', '7014'),
('5240', '7024'),
('10370', '7025'),
('17064', '7026'),
('8089', '7027'),
('17838', '7028'),
('18094', '7029'),
('18869', '7030'),
('11177', '7031'),
('10164', '7032'),
('2587', '7040'),
('10381', '7041'),
('8279', '7053'),
('22430', '7055'),
('17321', '7056'),
('17580', '7057'),
('11171', '7058'),
('10665', '7060'),
('18111', '7062'),
('29989', '7063'),
('17053', '7079'),
('10660', '7080'),
('14796', '7101'),
('21497', '7103'),
('18755', '7107'),
('8270', '7109'),
('16746', '7110'),
('19092', '7111'),
('10662', '7112'),
('30236', '7113'),
('10667', '7115'),
('17597', '7117'),
('13939', '7130'),
('30745', '7134'),
('5808', '7135'),
('14011', '7136'),
('18312', '7140'),
('30158', '7144'),
('22455', '7148'),
('13741', '7162'),
('10173', '7166'),
('30736', '7170'),
('17600', '7172'),
('3814', '7183'),
('18776', '7191'),
('22433', '7193'),
('16037', '7195'),
('30751', '7197'),
('5805', '7199'),
('20934', '7200'),
('30247', '7201'),
('30750', '7208'),
('20394', '7231'),
('18374', '7243'),
('8477', '7245'),
('31001', '7253'),
('16721', '7255'),
('10401', '7257'),
('10103', '7259'),
('10426', '7262'),
('8282', '7263'),
('17603', '7268'),
('5807', '7269'),
('20679', '7274'),
('10165', '7275'),
('11175', '7279'),
('18110', '7280'),
('18378', '7281'),
('8265', '7296'),
('18789', '7297'),
('8297', '7298'),
('10102', '7302'),
('18319', '7304'),
('5806', '7314'),
('20929', '7320'),
('10688', '7323'),
('16038', '7327'),
('13946', '7337'),
('22450', '7338'),
('13677', '7352'),
('11906', '7353'),
('22369', '7358'),
('18322', '7362'),
('18105', '7363'),
('13743', '7364'),
('18108', '7365'),
('15297', '7393'),
('10693', '7395'),
('8179', '7398'),
('17637', '7403'),
('5847', '7404'),
('17649', '7405'),
('5087', '7406'),
('4570', '7418'),
('5848', '7419'),
('20081', '7425'),
('5539', '7427'),
('14047', '7428'),
('3580', '7429'),
('21461', '7450'),
('7530', '7476'),
('14010', '7484'),
('13703', '7490'),
('31022', '7493'),
('17653', '7494'),
('8428', '7495'),
('11966', '7507'),
('22228', '7524'),
('29771', '7526'),
('21472', '7537'),
('14048', '7539'),
('12787', '7540'),
('18102', '7544'),
('28939', '7552'),
('19195', '7556'),
('8476', '7564'),
('8221', '7566'),
('10934', '7591'),
('10648', '7603'),
('20395', '7604'),
('8088', '7605'),
('30512', '7607'),
('6332', '7608'),
('10968', '7612'),
('8473', '7613');


INSERT INTO `Structure1K` (`entry_id`, `calculation_id`) VALUES
('25672', '1352933'),
('1216058', '2454'),
('1216098', '2689'),
('4698', '3346'),
('8130', '3588'),
('8132', '3592'),
('8203', '3612'),
('7503', '3619'),
('8533', '3620'),
('7517', '3624'),
('8082', '3629'),
('8086', '3637'),
('8100', '3638'),
('12054', '3681'),
('8500', '3697'),
('7514', '3721'),
('9566', '3723'),
('9320', '3726'),
('10106', '3729'),
('8586', '3732'),
('17350', '3749'),
('12055', '3763'),
('16720', '3788'),
('7513', '3794'),
('7521', '3798'),
('17319', '3804'),
('22514', '3829'),
('22516', '3833'),
('7505', '3845'),
('7512', '3847'),
('7519', '3849'),
('7522', '3853'),
('6321', '3859'),
('5810', '3861'),
('18114', '3908'),
('22472', '3911'),
('8391', '3976'),
('7509', '3977'),
('7520', '3980'),
('17859', '3981'),
('10676', '3983'),
('17860', '3984'),
('6320', '3986'),
('10678', '3987'),
('17352', '3991'),
('10681', '3992'),
('10937', '3994'),
('21452', '3995'),
('17610', '3997'),
('10683', '3998'),
('18891', '3999'),
('17612', '4001'),
('19149', '4003'),
('17360', '4004'),
('4566', '4007'),
('8134', '4044'),
('8138', '4047'),
('31044', '4049'),
('8144', '4050'),
('8520', '4060'),
('3925', '4064'),
('13761', '4069'),
('30000', '4071'),
('18895', '4073'),
('8143', '4075'),
('7648', '4076'),
('7649', '4086'),
('8390', '4108'),
('9214', '4113'),
('12056', '4117'),
('9277', '4136'),
('9287', '4137'),
('28966', '4153'),
('30508', '4154'),
('31023', '4158'),
('31025', '4160'),
('31283', '4161'),
('10944', '4162'),
('30004', '4164'),
('8386', '4165'),
('18984', '4183'),
('13862', '4191'),
('20540', '4200'),
('20541', '4201'),
('8534', '4208'),
('8568', '4213'),
('13705', '4220'),
('8597', '4222'),
('17585', '4224'),
('19150', '4236'),
('30264', '4237'),
('31032', '4239'),
('22272', '4247'),
('18780', '4258'),
('13650', '4260'),
('9316', '4265'),
('5499', '4267'),
('5517', '4268'),
('21449', '4274'),
('8118', '4276'),
('21453', '4278'),
('8122', '4280'),
('18131', '4281'),
('17621', '4283'),
('18903', '4284'),
('18904', '4286'),
('17625', '4289'),
('20443', '4291'),
('17627', '4295'),
('18140', '4297'),
('8139', '4299'),
('17629', '4306'),
('17630', '4308'),
('8141', '4310'),
('19423', '4314'),
('22242', '4316'),
('6318', '4333'),
('17349', '4337'),
('18896', '4340'),
('18136', '4342'),
('30785', '4346'),
('19422', '4352'),
('8142', '4353'),
('22243', '4357'),
('28740', '4358'),
('10705', '4359'),
('18145', '4361'),
('27974', '4363'),
('8145', '4366'),
('17380', '4368'),
('18148', '4370'),
('28744', '4372'),
('30536', '4374'),
('30025', '4376'),
('17638', '4378'),
('10711', '4382'),
('10712', '4388'),
('17640', '4390'),
('18152', '4392'),
('18153', '4394'),
('17386', '4395'),
('10715', '4398'),
('29007', '4399'),
('10972', '4401'),
('9301', '4419'),
('22248', '4439'),
('18156', '4441'),
('17389', '4442'),
('18157', '4443'),
('8156', '4445'),
('17646', '4446'),
('20463', '4448'),
('20464', '4452'),
('20721', '4453'),
('10720', '4456'),
('17392', '4458'),
('17904', '4460'),
('20465', '4461'),
('20466', '4463'),
('17650', '4464'),
('17906', '4466'),
('18674', '4468'),
('20467', '4469'),
('22309', '4478'),
('12059', '4483'),
('9297', '4491'),
('22473', '4495'),
('8119', '4498'),
('20684', '4500'),
('22262', '4505'),
('29784', '4509'),
('30040', '4511'),
('17397', '4512'),
('22264', '4514'),
('12057', '4536'),
('12058', '4537'),
('10325', '4546'),
('10105', '4549'),
('14014', '4554'),
('8123', '4556'),
('4543', '4559'),
('11469', '4561'),
('29003', '4563'),
('20469', '4566'),
('5497', '4601'),
('4523', '4610'),
('22475', '4611'),
('17907', '4625'),
('29018', '4627'),
('10182', '4659'),
('9672', '4660'),
('10445', '4664'),
('14034', '4665'),
('30534', '4668'),
('29013', '4672'),
('8162', '4674'),
('22476', '4692'),
('17353', '4694'),
('22221', '4696'),
('17383', '4710'),
('8155', '4714'),
('8115', '4734'),
('18147', '4742'),
('30535', '4744'),
('30537', '4749'),
('17898', '4752'),
('14052', '4755'),
('8163', '4761'),
('21451', '4787'),
('30533', '4788'),
('13784', '4789'),
('14051', '4792'),
('20468', '4794'),
('4578', '4802'),
('10729', '4804'),
('17657', '4805'),
('18169', '4806'),
('10986', '4807'),
('17402', '4808'),
('12061', '4844'),
('12062', '4845'),
('12064', '4847'),
('8165', '4866'),
('4579', '4870'),
('17404', '4871'),
('17660', '4873'),
('18172', '4874'),
('3311', '4880'),
('18967', '4904'),
('19480', '4905'),
('12060', '4907'),
('12063', '4908'),
('8164', '4918'),
('17661', '4919'),
('5624', '4944'),
('5625', '4948'),
('5626', '4955'),
('4177', '4961'),
('14036', '4964'),
('29020', '4966'),
('29022', '4967'),
('5627', '4976'),
('6912', '5002'),
('14035', '5021'),
('5578', '5023'),
('22263', '5029'),
('29023', '5031'),
('17406', '5033'),
('18174', '5034'),
('10991', '5035'),
('17407', '5036'),
('17663', '5037'),
('20737', '5038'),
('10480', '5039'),
('10736', '5040'),
('18176', '5041'),
('2562', '5057'),
('12065', '5073'),
('12074', '5080'),
('4672', '5084'),
('8159', '5092'),
('17655', '5093'),
('8166', '5095'),
('8167', '5096'),
('29029', '5099'),
('30309', '5100'),
('5613', '5101'),
('9972', '5103'),
('10997', '5105'),
('17413', '5108'),
('1797', '5115'),
('12067', '5129'),
('12069', '5130'),
('12070', '5131'),
('12073', '5133'),
('17557', '5139'),
('22474', '5140'),
('13762', '5144'),
('14025', '5145'),
('8154', '5146'),
('17399', '5147'),
('6117', '5149'),
('31334', '5151'),
('17414', '5153'),
('29034', '5155'),
('3084', '5174'),
('4110', '5176'),
('18981', '5184'),
('18988', '5187'),
('8147', '5192'),
('8158', '5194'),
('7652', '5196'),
('8168', '5198'),
('8170', '5199'),
('22530', '5200'),
('22284', '5209'),
('30061', '5210'),
('22285', '5213'),
('21518', '5214'),
('29039', '5215'),
('22287', '5216'),
('11005', '5218'),
('4111', '5224'),
('14032', '5239'),
('8146', '5242'),
('8173', '5248'),
('5615', '5249'),
('20234', '5250'),
('17419', '5251'),
('31087', '5254'),
('17935', '5259'),
('29043', '5261'),
('30067', '5262'),
('29044', '5264'),
('10497', '5267'),
('20242', '5271'),
('2577', '5281'),
('2578', '5284'),
('2580', '5289'),
('8117', '5295'),
('20685', '5297'),
('6116', '5304'),
('6628', '5305'),
('13807', '5308'),
('17670', '5310'),
('21515', '5311'),
('20235', '5312'),
('17676', '5313'),
('31091', '5315'),
('17424', '5316'),
('19476', '5317'),
('17429', '5318'),
('17686', '5320'),
('9226', '5322'),
('5404', '5336'),
('10930', '5349'),
('8121', '5351'),
('18905', '5352'),
('6119', '5355'),
('21508', '5362'),
('31079', '5364'),
('11508', '5366'),
('22537', '5368'),
('21516', '5370'),
('29816', '5371'),
('17432', '5372'),
('17944', '5374'),
('11019', '5375'),
('5664', '5381'),
('4641', '5390'),
('12068', '5399'),
('8171', '5405'),
('21510', '5411'),
('21517', '5414'),
('30063', '5415'),
('18193', '5418'),
('30843', '5419'),
('9225', '5420'),
('17436', '5422'),
('11022', '5424'),
('8169', '5446'),
('11510', '5447'),
('18721', '5449'),
('4138', '5459'),
('5677', '5461'),
('6958', '5469'),
('5166', '5473'),
('4656', '5477'),
('5426', '5483'),
('5427', '5488'),
('8157', '5497'),
('17671', '5498'),
('11000', '5499'),
('30060', '5501'),
('17168', '5503'),
('17680', '5504'),
('11012', '5505'),
('6913', '5506'),
('29826', '5507'),
('17441', '5508'),
('10516', '5509'),
('17700', '5510'),
('17446', '5511'),
('4149', '5523'),
('4150', '5529'),
('5176', '5535'),
('22268', '5539'),
('11511', '5541'),
('11512', '5543'),
('17685', '5550'),
('5632', '5551'),
('8206', '5557'),
('10777', '5558'),
('5177', '5560'),
('7484', '5566'),
('5179', '5572'),
('5181', '5581'),
('6974', '5582'),
('8001', '5584'),
('12071', '5587'),
('12072', '5588'),
('14029', '5590'),
('5611', '5593'),
('21513', '5594'),
('8182', '5595'),
('11514', '5596'),
('29551', '5597'),
('21520', '5598'),
('17427', '5600'),
('22298', '5602'),
('17187', '5605'),
('21289', '5606'),
('29834', '5607'),
('20780', '5609'),
('8480', '5611'),
('5182', '5615'),
('6975', '5617'),
('4671', '5626'),
('5183', '5628'),
('18160', '5630'),
('10940', '5636'),
('8383', '5637'),
('8389', '5638'),
('6095', '5639'),
('10965', '5640'),
('30819', '5641'),
('11505', '5642'),
('21509', '5643'),
('5616', '5645'),
('22308', '5652'),
('17457', '5654'),
('17970', '5655'),
('8112', '5690'),
('5834', '5693'),
('6118', '5695'),
('11509', '5697'),
('30058', '5698'),
('21514', '5699'),
('11517', '5703'),
('17425', '5704'),
('7682', '5705'),
('8196', '5706'),
('9221', '5707'),
('22306', '5710'),
('31121', '5712'),
('31126', '5714'),
('17460', '5715'),
('4163', '5722'),
('12066', '5727'),
('17861', '5729'),
('13795', '5731'),
('4568', '5732'),
('7651', '5734'),
('8172', '5735'),
('22305', '5737'),
('17454', '5740'),
('30357', '5744'),
('10789', '5745'),
('5151', '5746'),
('10793', '5748'),
('20282', '5749'),
('20241', '5767'),
('17439', '5773'),
('30618', '5779'),
('17207', '5780'),
('20281', '5781'),
('17467', '5784'),
('17980', '5785'),
('30370', '5787'),
('10544', '5789'),
('11312', '5790'),
('17987', '5791'),
('10550', '5792'),
('10817', '5793'),
('31106', '5810'),
('10963', '5811'),
('6096', '5812'),
('14050', '5813'),
('18158', '5814'),
('5081', '5815'),
('20743', '5820'),
('20744', '5821'),
('28037', '5826'),
('17443', '5827'),
('4108', '5828'),
('17448', '5830'),
('17197', '5831'),
('17459', '5832'),
('17492', '5833'),
('5709', '5836'),
('7247', '5847'),
('7248', '5852'),
('5714', '5858'),
('18159', '5860'),
('22281', '5862'),
('20243', '5863'),
('22304', '5864'),
('17212', '5867'),
('8235', '5869'),
('10797', '5870');
INSERT INTO `Structure1K` (`entry_id`, `calculation_id`) VALUES
('30881', '5872'),
('10542', '5873'),
('10799', '5875'),
('17474', '5876'),
('29867', '5878'),
('17746', '5880'),
('6836', '5914'),
('6100', '5916'),
('11507', '5918'),
('17170', '5919'),
('10775', '5920'),
('11031', '5921'),
('18741', '5923'),
('21569', '5925'),
('30632', '5926'),
('17989', '5927'),
('17479', '5928'),
('29100', '5929'),
('29868', '5930'),
('17481', '5931'),
('10810', '5932'),
('17995', '5933'),
('10813', '5937'),
('4949', '5943'),
('3670', '5955'),
('3671', '5958'),
('17750', '5970'),
('18015', '5972'),
('30774', '5978'),
('8161', '5980'),
('11516', '5984'),
('13825', '5985'),
('21519', '5986'),
('17422', '5987'),
('19509', '5993'),
('31332', '6004'),
('17677', '6006'),
('11013', '6008'),
('3679', '6014'),
('30376', '6023'),
('21321', '6024'),
('17225', '6025'),
('7479', '6027'),
('10558', '6030'),
('17486', '6031'),
('10561', '6032'),
('5180', '6033'),
('4707', '6039'),
('21307', '6043'),
('21563', '6044'),
('3685', '6049'),
('17703', '6050'),
('7452', '6051'),
('30616', '6054'),
('30631', '6057'),
('7523', '6062'),
('3682', '6068'),
('3683', '6069'),
('5736', '6073'),
('21324', '6076'),
('6924', '6084'),
('4109', '6085'),
('17490', '6087'),
('10823', '6088'),
('5734', '6091'),
('3684', '6094'),
('5735', '6095'),
('3686', '6097'),
('8120', '6100'),
('4567', '6105'),
('17421', '6113'),
('20240', '6114'),
('1897', '6116'),
('1898', '6119'),
('17215', '6121'),
('4151', '6122'),
('17751', '6123'),
('12625', '6124'),
('18797', '6126'),
('5737', '6127'),
('5738', '6128'),
('30095', '6145'),
('21322', '6147'),
('4657', '6148'),
('10822', '6150'),
('5236', '6154'),
('6097', '6158'),
('18979', '6159'),
('22310', '6160'),
('22313', '6161'),
('5686', '6162'),
('8487', '6165'),
('21323', '6166'),
('30124', '6167'),
('21326', '6168'),
('22360', '6169'),
('7540', '6176'),
('29026', '6190'),
('18199', '6194'),
('14102', '6198'),
('21332', '6200'),
('17780', '6203'),
('8051', '6210'),
('18488', '6222'),
('21327', '6223'),
('13637', '6224'),
('17496', '6226'),
('5242', '6231'),
('8472', '6235'),
('28054', '6236'),
('10539', '6239'),
('11589', '6241'),
('10576', '6242'),
('10087', '6245'),
('29922', '6246'),
('21308', '6249'),
('8239', '6251'),
('5695', '6253'),
('17500', '6254'),
('5238', '6256'),
('14105', '6258'),
('20836', '6261'),
('4708', '6262'),
('5239', '6288'),
('20089', '6291'),
('6099', '6292'),
('10969', '6293'),
('6101', '6294'),
('10971', '6296'),
('21522', '6298'),
('21330', '6300'),
('21338', '6301'),
('8519', '6302'),
('17248', '6303'),
('18785', '6305'),
('30405', '6306'),
('18050', '6310'),
('17795', '6311'),
('22410', '6312'),
('30778', '6320'),
('8394', '6321'),
('10957', '6322'),
('20522', '6327'),
('27280', '6328'),
('21325', '6329'),
('20565', '6330'),
('10573', '6332'),
('13907', '6333'),
('22370', '6334'),
('20837', '6335'),
('18788', '6337'),
('5241', '6343'),
('4731', '6349'),
('8113', '6351'),
('8384', '6352'),
('22368', '6356'),
('10323', '6358'),
('30152', '6359'),
('17512', '6360'),
('8063', '6365'),
('18987', '6374'),
('8273', '6377'),
('29642', '6378'),
('8506', '6384'),
('6098', '6415'),
('5614', '6416'),
('10840', '6419'),
('18025', '6422'),
('17522', '6427'),
('20622', '6429'),
('10365', '6430'),
('5771', '6433'),
('7823', '6445'),
('8079', '6446'),
('8080', '6450'),
('11321', '6458'),
('17484', '6459'),
('21331', '6460'),
('12378', '6463'),
('10846', '6465'),
('30932', '6466'),
('17525', '6467'),
('18038', '6469'),
('30426', '6470'),
('4497', '6472'),
('4498', '6484'),
('6293', '6489'),
('9295', '6492'),
('21337', '6494'),
('14013', '6501'),
('11506', '6502'),
('6296', '6504'),
('8091', '6505'),
('22276', '6506'),
('21521', '6508'),
('22303', '6510'),
('10077', '6515'),
('17776', '6516'),
('18036', '6517'),
('17530', '6519'),
('10623', '6522'),
('8254', '6528'),
('17297', '6529'),
('10375', '6531'),
('18839', '6532'),
('18073', '6533'),
('17306', '6534'),
('27646', '6535'),
('29950', '6536'),
('31231', '6537'),
('10894', '6538'),
('7826', '6540'),
('8507', '6543'),
('17538', '6544'),
('4248', '6546'),
('22314', '6551'),
('10632', '6553'),
('29957', '6554'),
('3735', '6559'),
('21309', '6563'),
('8252', '6564'),
('5178', '6565'),
('21334', '6566'),
('10066', '6567'),
('8281', '6570'),
('30434', '6573'),
('17536', '6574'),
('5995', '6575'),
('13691', '6576'),
('9288', '6579'),
('18044', '6581'),
('27877', '6582'),
('10867', '6583'),
('17541', '6584'),
('21113', '6587'),
('17788', '6588'),
('18067', '6589'),
('10125', '6591'),
('10639', '6592'),
('30950', '6597'),
('10359', '6598'),
('10936', '6600'),
('5822', '6601'),
('18457', '6604'),
('18458', '6605'),
('23862', '6606'),
('11024', '6607'),
('11301', '6608'),
('8484', '6609'),
('21329', '6625'),
('30413', '6628'),
('30414', '6629'),
('9319', '6633'),
('1949', '6640'),
('10280', '6643'),
('21336', '6644'),
('8272', '6645'),
('30156', '6646'),
('7771', '6647'),
('18818', '6648'),
('19332', '6649'),
('19333', '6650'),
('18054', '6651'),
('21386', '6652'),
('11128', '6653'),
('5783', '6654'),
('22367', '6659'),
('12376', '6660'),
('10361', '6661'),
('18313', '6662'),
('18829', '6663'),
('19341', '6664'),
('29686', '6665'),
('21407', '6667'),
('18088', '6668'),
('21306', '6673'),
('21335', '6675'),
('8278', '6677'),
('10879', '6678'),
('17583', '6679'),
('5793', '6691'),
('2466', '6692'),
('8431', '6694'),
('18454', '6695'),
('30415', '6700'),
('8485', '6705'),
('10315', '6706'),
('20574', '6707'),
('10081', '6709'),
('10609', '6710'),
('18057', '6711'),
('19339', '6712'),
('11590', '6722'),
('8285', '6725'),
('30423', '6726'),
('10362', '6727'),
('16942', '6743'),
('20278', '6744'),
('30151', '6745'),
('8535', '6747'),
('3678', '6748'),
('7553', '6750'),
('18100', '6753'),
('28120', '6775'),
('8090', '6780'),
('9275', '6786'),
('14069', '6787'),
('8260', '6788'),
('11602', '6789'),
('18072', '6790'),
('10900', '6799'),
('22454', '6800'),
('18717', '6808'),
('11153', '6809'),
('31237', '6810'),
('11137', '6837'),
('8149', '6843'),
('21328', '6846'),
('10320', '6848'),
('8293', '6850'),
('7552', '6853'),
('18325', '6854'),
('17558', '6855'),
('18076', '6856'),
('21409', '6858'),
('10896', '6860'),
('10128', '6861'),
('10649', '6862'),
('10906', '6863'),
('18090', '6864'),
('8355', '6865'),
('18106', '6866'),
('1956', '6870'),
('10672', '6873'),
('8385', '6882'),
('13641', '6886'),
('8517', '6887'),
('8269', '6889'),
('30411', '6890'),
('8286', '6893'),
('11114', '6896'),
('18819', '6897'),
('28662', '6899'),
('18079', '6901'),
('18083', '6904'),
('17063', '6905'),
('17320', '6906'),
('14033', '6907'),
('21512', '6909'),
('8251', '6910'),
('8295', '6916'),
('5237', '6918'),
('17314', '6919'),
('30990', '6923'),
('17067', '6925'),
('11166', '6927'),
('18097', '6929'),
('10673', '6930'),
('5809', '6935'),
('22432', '6945'),
('11159', '6946'),
('18099', '6948'),
('3258', '6956'),
('18759', '6981'),
('7551', '6984'),
('19093', '6985'),
('18867', '6987'),
('22456', '6988'),
('17895', '7003'),
('8294', '7005'),
('30994', '7008'),
('30230', '7010'),
('18101', '7011'),
('17590', '7012'),
('17591', '7013'),
('17596', '7014'),
('5240', '7024'),
('10370', '7025'),
('17064', '7026'),
('8089', '7027'),
('17838', '7028'),
('18094', '7029'),
('18869', '7030'),
('11177', '7031'),
('10164', '7032'),
('2587', '7040'),
('10381', '7041'),
('8279', '7053'),
('22430', '7055'),
('17321', '7056'),
('17580', '7057'),
('11171', '7058'),
('10665', '7060'),
('18111', '7062'),
('29989', '7063'),
('17053', '7079'),
('10660', '7080'),
('14796', '7101'),
('21497', '7103'),
('18755', '7107'),
('8270', '7109'),
('16746', '7110'),
('19092', '7111'),
('10662', '7112'),
('30236', '7113'),
('10667', '7115'),
('17597', '7117'),
('13939', '7130'),
('30745', '7134'),
('5808', '7135'),
('14011', '7136'),
('18312', '7140'),
('30158', '7144'),
('22455', '7148'),
('13741', '7162'),
('10173', '7166'),
('30736', '7170'),
('17600', '7172'),
('3814', '7183'),
('18776', '7191'),
('22433', '7193'),
('16037', '7195'),
('30751', '7197'),
('5805', '7199'),
('20934', '7200'),
('30247', '7201'),
('30750', '7208'),
('20394', '7231'),
('18374', '7243'),
('8477', '7245'),
('31001', '7253'),
('16721', '7255'),
('10401', '7257'),
('10103', '7259'),
('10426', '7262'),
('8282', '7263'),
('17603', '7268'),
('5807', '7269'),
('20679', '7274'),
('10165', '7275'),
('11175', '7279'),
('18110', '7280'),
('18378', '7281'),
('8265', '7296'),
('18789', '7297'),
('8297', '7298'),
('10102', '7302'),
('18319', '7304'),
('5806', '7314'),
('20929', '7320'),
('10688', '7323'),
('16038', '7327'),
('13946', '7337'),
('22450', '7338'),
('13677', '7352'),
('11906', '7353'),
('22369', '7358'),
('18322', '7362'),
('18105', '7363'),
('13743', '7364'),
('18108', '7365'),
('15297', '7393'),
('10693', '7395'),
('8179', '7398'),
('17637', '7403'),
('5847', '7404'),
('17649', '7405'),
('5087', '7406'),
('4570', '7418'),
('5848', '7419'),
('20081', '7425'),
('5539', '7427'),
('14047', '7428'),
('3580', '7429'),
('21461', '7450'),
('7530', '7476'),
('14010', '7484'),
('13703', '7490'),
('31022', '7493'),
('17653', '7494'),
('8428', '7495'),
('11966', '7507'),
('22228', '7524'),
('29771', '7526'),
('21472', '7537'),
('14048', '7539'),
('12787', '7540'),
('18102', '7544'),
('28939', '7552'),
('19195', '7556'),
('8476', '7564'),
('8221', '7566'),
('10934', '7591'),
('10648', '7603'),
('20395', '7604'),
('8088', '7605'),
('30512', '7607'),
('6332', '7608'),
('10968', '7612'),
('8473', '7613');

INSERT INTO `Composition1K` (`entry_id`, `calculation_id`, `name`) VALUES
('25672', '1352933', 'CsHoSiS4'),
('1216058', '2454', 'Lu'),
('1216098', '2689', 'Tm'),
('4698', '3346', 'Ne'),
('8130', '3588', 'La'),
('8132', '3592', 'Pr'),
('8203', '3612', 'Kr'),
('7503', '3619', 'V'),
('8533', '3620', 'Rb'),
('7517', '3624', 'Ta'),
('8082', '3629', 'V'),
('8086', '3637', 'Ne'),
('8100', '3638', 'Al'),
('12054', '3681', 'Ne'),
('8500', '3697', 'K'),
('7514', '3721', 'Rh'),
('9566', '3723', 'Er'),
('9320', '3726', 'Zr'),
('10106', '3729', 'Ho'),
('8586', '3732', 'Lu'),
('17350', '3749', 'Tb'),
('12055', '3763', 'Ne'),
('16720', '3788', 'P'),
('7513', '3794', 'Ru'),
('7521', '3798', 'Ir'),
('17319', '3804', 'Gd'),
('22514', '3829', 'Fe'),
('22516', '3833', 'Ni'),
('7505', '3845', 'Fe'),
('7512', '3847', 'Tc'),
('7519', '3849', 'Re'),
('7522', '3853', 'Pt'),
('6321', '3859', 'YbSe'),
('5810', '3861', 'SiP'),
('18114', '3908', 'SmZn'),
('22472', '3911', 'SiC'),
('8391', '3976', 'U'),
('7509', '3977', 'Zr'),
('7520', '3980', 'Os'),
('17859', '3981', 'ZnNi'),
('10676', '3983', 'TiAg'),
('17860', '3984', 'ZnNi'),
('6320', '3986', 'YbTe'),
('10678', '3987', 'TmAg'),
('17352', '3991', 'UTe'),
('10681', '3992', 'YAg'),
('10937', '3994', 'LiBi'),
('21452', '3995', 'TcB'),
('17610', '3997', 'LiTl'),
('10683', '3998', 'YbAg'),
('18891', '3999', 'PrTl'),
('17612', '4001', 'LuMg'),
('19149', '4003', 'MnAu'),
('17360', '4004', 'YbZn'),
('4566', '4007', 'SiC'),
('8134', '4044', 'Yb'),
('8138', '4047', 'Eu'),
('31044', '4049', 'Sb'),
('8144', '4050', 'Yb'),
('8520', '4060', 'Sr'),
('3925', '4064', 'Gd'),
('13761', '4069', 'TaN'),
('30000', '4071', 'ErIr'),
('18895', '4073', 'PrZn'),
('8143', '4075', 'Tm'),
('7648', '4076', 'CaSe'),
('7649', '4086', 'CaTe'),
('8390', '4108', 'Ti'),
('9214', '4113', 'Sb'),
('12056', '4117', 'Ne'),
('9277', '4136', 'Se'),
('9287', '4137', 'Si'),
('28966', '4153', 'CaPb'),
('30508', '4154', 'HPd'),
('31023', '4158', 'TiRh'),
('31025', '4160', 'VRh'),
('31283', '4161', 'CuAu'),
('10944', '4162', 'NaBi'),
('30004', '4164', 'ErMg'),
('8386', '4165', 'SiRh'),
('18984', '4183', 'Si'),
('13862', '4191', 'Li'),
('20540', '4200', 'P'),
('20541', '4201', 'P'),
('8534', '4208', 'Na'),
('8568', '4213', 'Fe'),
('13705', '4220', 'Np'),
('8597', '4222', 'Mg'),
('17585', '4224', 'Li'),
('19150', '4236', 'MnAu'),
('30264', '4237', 'VFe'),
('31032', '4239', 'TaRu'),
('22272', '4247', 'Ge'),
('18780', '4258', 'Sb'),
('13650', '4260', 'Th'),
('9316', '4265', 'Tm'),
('5499', '4267', 'H'),
('5517', '4268', 'H'),
('21449', '4274', 'TcB'),
('8118', '4276', 'HoAs'),
('21453', '4278', 'TcB'),
('8122', '4280', 'HoSe'),
('18131', '4281', 'TlSn'),
('17621', '4283', 'LuPd'),
('18903', '4284', 'YbRh'),
('18904', '4286', 'YbRu'),
('17625', '4289', 'LuRh'),
('20443', '4291', 'AgI'),
('17627', '4295', 'LuRu'),
('18140', '4297', 'SrTl'),
('8139', '4299', 'Gd'),
('17629', '4306', 'LuZn'),
('17630', '4308', 'NdMg'),
('8141', '4310', 'Ho'),
('19423', '4314', 'TiFe'),
('22242', '4316', 'ScN'),
('6318', '4333', 'NaH'),
('17349', '4337', 'Tb'),
('18896', '4340', 'PrZn'),
('18136', '4342', 'YbSn'),
('30785', '4346', 'NbRh'),
('19422', '4352', 'VOs'),
('8142', '4353', 'Er'),
('22243', '4357', 'ScP'),
('28740', '4358', 'LiBi'),
('10705', '4359', 'CdAu'),
('18145', '4361', 'TaTc'),
('27974', '4363', 'TiAl'),
('8145', '4366', 'Lu'),
('17380', '4368', 'HfOs'),
('18148', '4370', 'TbTl'),
('28744', '4372', 'NaBi'),
('30536', '4374', 'TiHg'),
('30025', '4376', 'ErPd'),
('17638', '4378', 'MgPd'),
('10711', '4382', 'CsAu'),
('10712', '4388', 'RbAu'),
('17640', '4390', 'PrMg'),
('18152', '4392', 'TbZn'),
('18153', '4394', 'TbZn'),
('17386', '4395', 'HfRh'),
('10715', '4398', 'DyAu'),
('29007', '4399', 'LuCd'),
('10972', '4401', 'CaCd'),
('9301', '4419', 'Tb'),
('22248', '4439', 'FePd'),
('18156', '4441', 'TiTc'),
('17389', '4442', 'HfRu'),
('18157', '4443', 'VTc'),
('8156', '4445', 'TbSb'),
('17646', '4446', 'MgRh'),
('20463', '4448', 'CeMg'),
('20464', '4452', 'PmMg'),
('20721', '4453', 'YCu'),
('10720', '4456', 'ErAu'),
('17392', '4458', 'HfTc'),
('17904', '4460', 'TiOs'),
('20465', '4461', 'EuMg'),
('20466', '4463', 'GdMg'),
('17650', '4464', 'SmMg'),
('17906', '4466', 'ZrOs'),
('18674', '4468', 'ZnRh'),
('20467', '4469', 'ErMg'),
('22309', '4478', 'U'),
('12059', '4483', 'Ne'),
('9297', '4491', 'Sn'),
('22473', '4495', 'GeC'),
('8119', '4498', 'HoSb'),
('20684', '4500', 'ZnO'),
('22262', '4505', 'ScC'),
('29784', '4509', 'ScCu'),
('30040', '4511', 'ErRh'),
('17397', '4512', 'HoHg'),
('22264', '4514', 'YC'),
('12057', '4536', 'Ne'),
('12058', '4537', 'Ne'),
('10325', '4546', 'Se'),
('10105', '4549', 'Ho'),
('14014', '4554', 'SnP'),
('8123', '4556', 'HoTe'),
('4543', '4559', 'HgSe'),
('11469', '4561', 'CuO'),
('29003', '4563', 'LaCd'),
('20469', '4566', 'CuN'),
('5497', '4601', 'H'),
('4523', '4610', 'HgS'),
('22475', '4611', 'SnC'),
('17907', '4625', 'ScP'),
('29018', '4627', 'CdPd'),
('10182', '4659', 'AgCl'),
('9672', '4660', 'Sb'),
('10445', '4664', 'DyAl'),
('14034', '4665', 'PbS'),
('30534', '4668', 'HgPd'),
('29013', '4672', 'NdCd'),
('8162', '4674', 'GdAs'),
('22476', '4692', 'SnC'),
('17353', '4694', 'ZnTe'),
('22221', '4696', 'NiC'),
('17383', '4710', 'HfPt'),
('8155', '4714', 'TbAs'),
('8115', '4734', 'Ga'),
('18147', '4742', 'TbTe'),
('30535', '4744', 'HgPt'),
('30537', '4749', 'ZrHg'),
('17898', '4752', 'TiO'),
('14052', '4755', 'PrTe'),
('8163', '4761', 'GdSb'),
('21451', '4787', 'TcB'),
('30533', '4788', 'NiHg'),
('13784', '4789', 'NbS'),
('14051', '4792', 'PrSb'),
('20468', '4794', 'NiN'),
('4578', '4802', 'MnSe'),
('10729', '4804', 'GdAu'),
('17657', '4805', 'TbMg'),
('18169', '4806', 'TmTl'),
('10986', '4807', 'CaHg'),
('17402', '4808', 'LaHg'),
('12061', '4844', 'Ne'),
('12062', '4845', 'Ne'),
('12064', '4847', 'Ne'),
('8165', '4866', 'DySb'),
('4579', '4870', 'MnSe'),
('17404', '4871', 'LiHg'),
('17660', '4873', 'MgTl'),
('18172', '4874', 'YTl'),
('3311', '4880', 'SnP'),
('18967', '4904', 'Li'),
('19480', '4905', 'I'),
('12060', '4907', 'Ne'),
('12063', '4908', 'Ne'),
('8164', '4918', 'DyAs'),
('17661', '4919', 'TmMg'),
('5624', '4944', 'SrS'),
('5625', '4948', 'SrSe'),
('5626', '4955', 'CaS'),
('4177', '4961', 'He'),
('14036', '4964', 'TePb'),
('29020', '4966', 'PrCd'),
('29022', '4967', 'CdPt'),
('5627', '4976', 'MgS'),
('6912', '5002', 'CrN'),
('14035', '5021', 'PbSe'),
('5578', '5023', 'VO'),
('22263', '5029', 'YC'),
('29023', '5031', 'CdPt'),
('17406', '5033', 'LuHg'),
('18174', '5034', 'YbTl'),
('10991', '5035', 'CaIn'),
('17407', '5036', 'MgHg'),
('17663', '5037', 'YMg'),
('20737', '5038', 'BeO'),
('10480', '5039', 'AlIr'),
('10736', '5040', 'HoAu'),
('18176', '5041', 'TmZn'),
('2562', '5057', 'Kr'),
('12065', '5073', 'Ne'),
('12074', '5080', 'Ne'),
('4672', '5084', 'Pa'),
('8159', '5092', 'TbSe'),
('17655', '5093', 'SrMg'),
('8166', '5095', 'DyTe'),
('8167', '5096', 'ErAs'),
('29029', '5099', 'ScCd'),
('30309', '5100', 'GaNi'),
('5613', '5101', 'HBr'),
('9972', '5103', 'ZrPd'),
('10997', '5105', 'CaPb'),
('17413', '5108', 'MnHg'),
('1797', '5115', 'NbN'),
('12067', '5129', 'Ne'),
('12069', '5130', 'Ne'),
('12070', '5131', 'Ne'),
('12073', '5133', 'Ne'),
('17557', '5139', 'La'),
('22474', '5140', 'GeC'),
('13762', '5144', 'TaN'),
('14025', '5145', 'TmP'),
('8154', '5146', 'TbP'),
('17399', '5147', 'InHg'),
('6117', '5149', 'HgTe'),
('31334', '5151', 'FePt'),
('17414', '5153', 'MnHg'),
('29034', '5155', 'SmCd'),
('3084', '5174', 'WC'),
('4110', '5176', 'CsCl'),
('18981', '5184', 'Sr'),
('18988', '5187', 'I'),
('8147', '5192', 'Y'),
('8158', '5194', 'TbS'),
('7652', '5196', 'ZnS'),
('8168', '5198', 'ErSb'),
('8170', '5199', 'TmAs'),
('22530', '5200', 'MgAg'),
('22284', '5209', 'ZrC'),
('30061', '5210', 'ErTl'),
('22285', '5213', 'ZrN'),
('21518', '5214', 'AuC'),
('29039', '5215', 'TmCd'),
('22287', '5216', 'TbAl'),
('11005', '5218', 'CaTl'),
('4111', '5224', 'CsBr'),
('14032', '5239', 'ZrP'),
('8146', '5242', 'Sc'),
('8173', '5248', 'BaSe'),
('5615', '5249', 'HCl'),
('20234', '5250', 'MgS'),
('17419', '5251', 'NdHg'),
('31087', '5254', 'TlSn'),
('17935', '5259', 'YbPb'),
('29043', '5261', 'YCd'),
('30067', '5262', 'ErZn'),
('29044', '5264', 'YbCd'),
('10497', '5267', 'MnAl'),
('20242', '5271', 'MoN'),
('2577', '5281', 'MgO'),
('2578', '5284', 'MnO'),
('2580', '5289', 'NiO'),
('8117', '5295', 'HoP'),
('20685', '5297', 'ZnO'),
('6116', '5304', 'ZnTe'),
('6628', '5305', 'AgO'),
('13807', '5308', 'NiO'),
('17670', '5310', 'MnNi'),
('21515', '5311', 'ReC'),
('20235', '5312', 'MgTe'),
('17676', '5313', 'MnPd'),
('31091', '5315', 'YbSn'),
('17424', '5316', 'PrHg'),
('19476', '5317', 'NdAl'),
('17429', '5318', 'SrHg'),
('17686', '5320', 'MnRh'),
('9226', '5322', 'Mg'),
('5404', '5336', 'FeO'),
('10930', '5349', 'GdBi'),
('8121', '5351', 'HoS'),
('18905', '5352', 'ZrS'),
('6119', '5355', 'HgTe'),
('21508', '5362', 'PdN'),
('31079', '5364', 'SmTl'),
('11508', '5366', 'TlBr'),
('22537', '5368', 'AlBi'),
('21516', '5370', 'IrC'),
('29816', '5371', 'TbCu'),
('17432', '5372', 'TbHg'),
('17944', '5374', 'ScPd'),
('11019', '5375', 'DyCd'),
('5664', '5381', 'BP'),
('4641', '5390', 'AlP'),
('12068', '5399', 'Ne'),
('8171', '5405', 'TmSb'),
('21510', '5411', 'PdN'),
('21517', '5414', 'PtC'),
('30063', '5415', 'ErTl'),
('18193', '5418', 'AlRu'),
('30843', '5419', 'NiPt'),
('9225', '5420', 'Zn'),
('17436', '5422', 'TiHg'),
('11022', '5424', 'ErCd'),
('8169', '5446', 'ErTe'),
('11510', '5447', 'RbI'),
('18721', '5449', 'TiAl'),
('4138', '5459', 'ScS'),
('5677', '5461', 'TlCl'),
('6958', '5469', 'ZnO'),
('5166', '5473', 'LiCl'),
('4656', '5477', 'InAs'),
('5426', '5483', 'LiBr'),
('5427', '5488', 'LiI'),
('8157', '5497', 'TbBi'),
('17671', '5498', 'MnNi'),
('11000', '5499', 'CaPd'),
('30060', '5501', 'ErTe'),
('17168', '5503', 'TbCu'),
('17680', '5504', 'MnPt'),
('11012', '5505', 'CeCd'),
('6913', '5506', 'YN'),
('29826', '5507', 'TmCu'),
('17441', '5508', 'TmHg'),
('10516', '5509', 'AlNi'),
('17700', '5510', 'MnV'),
('17446', '5511', 'YbHg'),
('4149', '5523', 'HfC'),
('4150', '5529', 'VC'),
('5176', '5535', 'ScN'),
('22268', '5539', 'CrTe'),
('11511', '5541', 'KI'),
('11512', '5543', 'KBr'),
('17685', '5550', 'MnRh'),
('5632', '5551', 'AlO'),
('8206', '5557', 'NiO'),
('10777', '5558', 'MgAu'),
('5177', '5560', 'ZrN'),
('7484', '5566', 'LiF'),
('5179', '5572', 'TaC'),
('5181', '5581', 'CaO'),
('6974', '5582', 'PbSe'),
('8001', '5584', 'GeTe'),
('12071', '5587', 'Ne'),
('12072', '5588', 'Ne'),
('14029', '5590', 'YP'),
('5611', '5593', 'PdO'),
('21513', '5594', 'HfC'),
('8182', '5595', 'RuC'),
('11514', '5596', 'CsF'),
('29551', '5597', 'CrH'),
('21520', '5598', 'ScSi'),
('17427', '5600', 'ScHg'),
('22298', '5602', 'SrO'),
('17187', '5605', 'ErIn'),
('21289', '5606', 'TiPd'),
('29834', '5607', 'ZrCu'),
('20780', '5609', 'SrS'),
('8480', '5611', 'SiRu'),
('5182', '5615', 'SrO'),
('6975', '5617', 'TePb'),
('4671', '5626', 'PaO'),
('5183', '5628', 'BaO'),
('18160', '5630', 'Th'),
('10940', '5636', 'LuBi'),
('8383', '5637', 'NpP'),
('8389', '5638', 'ThN'),
('6095', '5639', 'ThS'),
('10965', '5640', 'ThBi'),
('30819', '5641', 'NdTe'),
('11505', '5642', 'CsBr'),
('21509', '5643', 'PdN'),
('5616', '5645', 'HCl'),
('22308', '5652', 'BOs'),
('17457', '5654', 'HoIr'),
('17970', '5655', 'TiPd'),
('8112', '5690', 'MoC'),
('5834', '5693', 'WN'),
('6118', '5695', 'CdTe'),
('11509', '5697', 'RbBr'),
('30058', '5698', 'ErTe'),
('21514', '5699', 'TaC'),
('11517', '5703', 'TaO'),
('17425', '5704', 'HgPt'),
('7682', '5705', 'Te'),
('8196', '5706', 'Zr'),
('9221', '5707', 'Sb'),
('22306', '5710', 'ReN'),
('31121', '5712', 'YZn'),
('31126', '5714', 'ZrZn'),
('17460', '5715', 'HoMg'),
('4163', '5722', 'VN'),
('12066', '5727', 'Ne'),
('17861', '5729', 'ZnNi'),
('13795', '5731', 'NdP'),
('4568', '5732', 'UN'),
('7651', '5734', 'Ge'),
('8172', '5735', 'YbAs'),
('22305', '5737', 'ReN'),
('17454', '5740', 'HoIn'),
('30357', '5744', 'TiGa'),
('10789', '5745', 'NdAu'),
('5151', '5746', 'RbCl'),
('10793', '5748', 'PrAu'),
('20282', '5749', 'YAs'),
('20241', '5767', 'MoN'),
('17439', '5773', 'TlHg'),
('30618', '5779', 'NbIr'),
('17207', '5780', 'DyTl'),
('20281', '5781', 'YP'),
('17467', '5784', 'HoPd'),
('17980', '5785', 'TmPd'),
('30370', '5787', 'YbGa'),
('10544', '5789', 'AlOs'),
('11312', '5790', 'TlSb'),
('17987', '5791', 'YbPd'),
('10550', '5792', 'AlPd'),
('10817', '5793', 'TmAu'),
('31106', '5810', 'Th'),
('10963', '5811', 'ScBi'),
('6096', '5812', 'US'),
('14050', '5813', 'PrS'),
('18158', '5814', 'TmTe'),
('5081', '5815', 'ThSe'),
('20743', '5820', 'PtN'),
('20744', '5821', 'PtN'),
('28037', '5826', 'GdAs'),
('17443', '5827', 'YHg'),
('4108', '5828', 'KI'),
('17448', '5830', 'ZrHg'),
('17197', '5831', 'ErTl'),
('17459', '5832', 'HoMg'),
('17492', '5833', 'LuIr'),
('5709', '5836', 'CdS'),
('7247', '5847', 'Ru'),
('7248', '5852', 'Re'),
('5714', '5858', 'Si'),
('18159', '5860', 'YTe'),
('22281', '5862', 'PtC'),
('20243', '5863', 'MoN'),
('22304', '5864', 'ReN'),
('17212', '5867', 'EuHg'),
('8235', '5869', 'BAs'),
('10797', '5870', 'ScAu');
INSERT INTO `Composition1K` (`entry_id`, `calculation_id`, `name`) VALUES
('30881', '5872', 'ZnNi'),
('10542', '5873', 'SmAl'),
('10799', '5875', 'SmAu'),
('17474', '5876', 'HoRh'),
('29867', '5878', 'DyHg'),
('17746', '5880', 'NbRh'),
('6836', '5914', 'O'),
('6100', '5916', 'PuN'),
('11507', '5918', 'TlCl'),
('17170', '5919', 'TiCu'),
('10775', '5920', 'LuAu'),
('11031', '5921', 'HoCd'),
('18741', '5923', 'ZnAu'),
('21569', '5925', 'VN'),
('30632', '5926', 'VIr'),
('17989', '5927', 'ZnPd'),
('17479', '5928', 'HoTl'),
('29100', '5929', 'CeHg'),
('29868', '5930', 'DyIn'),
('17481', '5931', 'HoZn'),
('10810', '5932', 'TbAu'),
('17995', '5933', 'ScPt'),
('10813', '5937', 'TiAu'),
('4949', '5943', 'NdAs'),
('3670', '5955', 'GeP'),
('3671', '5958', 'GeAs'),
('17750', '5970', 'NbRu'),
('18015', '5972', 'TiPt'),
('30774', '5978', 'N'),
('8161', '5980', 'YSb'),
('11516', '5984', 'ScO'),
('13825', '5985', 'NdSb'),
('21519', '5986', 'ScC'),
('17422', '5987', 'HgPd'),
('19509', '5993', 'YbO'),
('31332', '6004', 'CdTe'),
('17677', '6006', 'MnPd'),
('11013', '6008', 'CeCd'),
('3679', '6014', 'AgF'),
('30376', '6023', 'GdIn'),
('21321', '6024', 'CaSe'),
('17225', '6025', 'FeNi'),
('7479', '6027', 'Si'),
('10558', '6030', 'PrAl'),
('17486', '6031', 'HoAg'),
('10561', '6032', 'AlPt'),
('5180', '6033', 'BeO'),
('4707', '6039', 'CdO'),
('21307', '6043', 'ErP'),
('21563', '6044', 'CrTe'),
('3685', '6049', 'RbCl'),
('17703', '6050', 'MnZn'),
('7452', '6051', 'FeN'),
('30616', '6054', 'MnIr'),
('30631', '6057', 'TiIr'),
('7523', '6062', 'ZnSe'),
('3682', '6068', 'NaBr'),
('3683', '6069', 'KCl'),
('5736', '6073', 'CeS'),
('21324', '6076', 'AgN'),
('6924', '6084', 'NbO'),
('4109', '6085', 'RbI'),
('17490', '6087', 'LiIr'),
('10823', '6088', 'YbAu'),
('5734', '6091', 'LaS'),
('3684', '6094', 'KBr'),
('5735', '6095', 'LaTe'),
('3686', '6097', 'RbBr'),
('8120', '6100', 'HoBi'),
('4567', '6105', 'UC'),
('17421', '6113', 'NiHg'),
('20240', '6114', 'MoN'),
('1897', '6116', 'ScAs'),
('1898', '6119', 'ScSb'),
('17215', '6121', 'EuPb'),
('4151', '6122', 'ZrC'),
('17751', '6123', 'NbRu'),
('12625', '6124', 'CsH'),
('18797', '6126', 'CeZn'),
('5737', '6127', 'PrTe'),
('5738', '6128', 'NdS'),
('30095', '6145', 'EuIn'),
('21322', '6147', 'RuN'),
('4657', '6148', 'InSb'),
('10822', '6150', 'YAu'),
('5236', '6154', 'LaSe'),
('6097', '6158', 'NpO'),
('18979', '6159', 'Si'),
('22310', '6160', 'MnTe'),
('22313', '6161', 'PtC'),
('5686', '6162', 'NaF'),
('8487', '6165', 'InTe'),
('21323', '6166', 'RhN'),
('30124', '6167', 'EuPb'),
('21326', '6168', 'IrN'),
('22360', '6169', 'CrC'),
('7540', '6176', 'PdO'),
('29026', '6190', 'CdS'),
('18199', '6194', 'LaAs'),
('14102', '6198', 'CuCl'),
('21332', '6200', 'AgN'),
('17780', '6203', 'NdZn'),
('8051', '6210', 'ZrH'),
('18488', '6222', 'TmTe'),
('21327', '6223', 'AuN'),
('13637', '6224', 'WN'),
('17496', '6226', 'MnIr'),
('5242', '6231', 'GdSe'),
('8472', '6235', 'TiB'),
('28054', '6236', 'InAs'),
('10539', '6239', 'ScAl'),
('11589', '6241', 'PbS'),
('10576', '6242', 'AlRh'),
('10087', '6245', 'HRh'),
('29922', '6246', 'DyRh'),
('21308', '6249', 'ErAs'),
('8239', '6251', 'CeAs'),
('5695', '6253', 'BaTe'),
('17500', '6254', 'NbIr'),
('5238', '6256', 'PrSe'),
('14105', '6258', 'CuBr'),
('20836', '6261', 'ScAs'),
('4708', '6262', 'AlSb'),
('5239', '6288', 'NdSe'),
('20089', '6291', 'K'),
('6099', '6292', 'NpN'),
('10969', '6293', 'TmBi'),
('6101', '6294', 'PuC'),
('10971', '6296', 'YBi'),
('21522', '6298', 'ScSn'),
('21330', '6300', 'RuN'),
('21338', '6301', 'AuN'),
('8519', '6302', 'Sr'),
('17248', '6303', 'GaIr'),
('18785', '6305', 'GdCd'),
('30405', '6306', 'GdRh'),
('18050', '6310', 'TiRe'),
('17795', '6311', 'ScNi'),
('22410', '6312', 'CuPd'),
('30778', '6320', 'WN'),
('8394', '6321', 'He'),
('10957', '6322', 'PrBi'),
('20522', '6327', 'LaN'),
('27280', '6328', 'GeTe'),
('21325', '6329', 'OsN'),
('20565', '6330', 'WC'),
('10573', '6332', 'AlRe'),
('13907', '6333', 'MoC'),
('22370', '6334', 'PdC'),
('20837', '6335', 'ScSb'),
('18788', '6337', 'TbCd'),
('5241', '6343', 'EuSe'),
('4731', '6349', 'GdO'),
('8113', '6351', 'ScC'),
('8384', '6352', 'NpS'),
('22368', '6356', 'AgC'),
('10323', '6358', 'USb'),
('30152', '6359', 'EuTl'),
('17512', '6360', 'ScIr'),
('8063', '6365', 'ThC'),
('18987', '6374', 'I'),
('8273', '6377', 'SnAs'),
('29642', '6378', 'GdCu'),
('8506', '6384', 'LaN'),
('6098', '6415', 'PuO'),
('5614', '6416', 'HBr'),
('10840', '6419', 'BaCd'),
('18025', '6422', 'VPt'),
('17522', '6427', 'TiIr'),
('20622', '6429', 'BN'),
('10365', '6430', 'DyAg'),
('5771', '6433', 'EuS'),
('7823', '6445', 'CuAu'),
('8079', '6446', 'Ti'),
('8080', '6450', 'SiOs'),
('11321', '6458', 'TlI'),
('17484', '6459', 'GaAg'),
('21331', '6460', 'RhN'),
('12378', '6463', 'Si'),
('10846', '6465', 'BaHg'),
('30932', '6466', 'YbPb'),
('17525', '6467', 'TmIr'),
('18038', '6469', 'ZrPt'),
('30426', '6470', 'GdTl'),
('4497', '6472', 'CuCl'),
('4498', '6484', 'CuBr'),
('6293', '6489', 'ThTe'),
('9295', '6492', 'Sm'),
('21337', '6494', 'IrN'),
('14013', '6501', 'PuP'),
('11506', '6502', 'CsI'),
('6296', '6504', 'EuTe'),
('8091', '6505', 'RbF'),
('22276', '6506', 'CrN'),
('21521', '6508', 'ScGe'),
('22303', '6510', 'ReN'),
('10077', '6515', 'NiH'),
('17776', '6516', 'NdTl'),
('18036', '6517', 'ZnPt'),
('17530', '6519', 'VIr'),
('10623', '6522', 'ErAg'),
('8254', '6528', 'LuAs'),
('17297', '6529', 'GaRu'),
('10375', '6531', 'NpTe'),
('18839', '6532', 'FeRh'),
('18073', '6533', 'TiRh'),
('17306', '6534', 'TiGa'),
('27646', '6535', 'TiAg'),
('29950', '6536', 'DyZn'),
('31231', '6537', 'GaRh'),
('10894', '6538', 'BeNi'),
('7826', '6540', 'FePt'),
('8507', '6543', 'LaP'),
('17538', '6544', 'YbIr'),
('4248', '6546', 'Ga'),
('22314', '6551', 'PtC'),
('10632', '6553', 'GdAg'),
('29957', '6554', 'DyZn'),
('3735', '6559', 'NaCl'),
('21309', '6563', 'GaBi'),
('8252', '6564', 'GaAs'),
('5178', '6565', 'NbC'),
('21334', '6566', 'TaN'),
('10066', '6567', 'GeTe'),
('8281', '6570', 'UAs'),
('30434', '6573', 'GdZn'),
('17536', '6574', 'YIr'),
('5995', '6575', 'KCl'),
('13691', '6576', 'MnS'),
('9288', '6579', 'Si'),
('18044', '6581', 'PuRu'),
('27877', '6582', 'MnAl'),
('10867', '6583', 'BaZn'),
('17541', '6584', 'ZrIr'),
('21113', '6587', 'NiO'),
('17788', '6588', 'NiPt'),
('18067', '6589', 'TbRh'),
('10125', '6591', 'Ag'),
('10639', '6592', 'LaAg'),
('30950', '6597', 'ZnPd'),
('10359', '6598', 'CdAg'),
('10936', '6600', 'LaBi'),
('5822', '6601', 'BiO'),
('18457', '6604', 'NpSe'),
('18458', '6605', 'NpTe'),
('23862', '6606', 'NaH'),
('11024', '6607', 'EuCd'),
('11301', '6608', 'UP'),
('8484', '6609', 'InSb'),
('21329', '6625', 'NbN'),
('30413', '6628', 'GdSb'),
('30414', '6629', 'GdSb'),
('9319', '6633', 'Yb'),
('1949', '6640', 'TiC'),
('10280', '6643', 'CrC'),
('21336', '6644', 'OsN'),
('8272', '6645', 'SmAs'),
('30156', '6646', 'EuZn'),
('7771', '6647', 'GeSb'),
('18818', '6648', 'ErCu'),
('19332', '6649', 'GdAl'),
('19333', '6650', 'DyCu'),
('18054', '6651', 'ScRh'),
('21386', '6652', 'MgTe'),
('11128', '6653', 'InPd'),
('5783', '6654', 'BaS'),
('22367', '6659', 'RuC'),
('12376', '6660', 'AlAs'),
('10361', '6661', 'CeAg'),
('18313', '6662', 'DyPd'),
('18829', '6663', 'DyMg'),
('19341', '6664', 'ZnAg'),
('29686', '6665', 'HoCu'),
('21407', '6667', 'PrN'),
('18088', '6668', 'ZrRh'),
('21306', '6673', 'ErN'),
('21335', '6675', 'WN'),
('8278', '6677', 'TeAs'),
('10879', '6678', 'BeCu'),
('17583', '6679', 'LaZn'),
('5793', '6691', 'TlF'),
('2466', '6692', 'CuI'),
('8431', '6694', 'ThGe'),
('18454', '6695', 'MnN'),
('30415', '6700', 'GdSb'),
('8485', '6705', 'InSb'),
('10315', '6706', 'TmN'),
('20574', '6707', 'HgTe'),
('10081', '6709', 'RbH'),
('10609', '6710', 'YAl'),
('18057', '6711', 'SmRh'),
('19339', '6712', 'LiRh'),
('11590', '6722', 'SeS'),
('8285', '6725', 'YAs'),
('30423', '6726', 'GdTe'),
('10362', '6727', 'CeAg'),
('16942', '6743', 'NiHg'),
('20278', '6744', 'SrSi'),
('30151', '6745', 'EuTe'),
('8535', '6747', 'Na'),
('3678', '6748', 'MnS'),
('7553', '6750', 'GaP'),
('18100', '6753', 'VRu'),
('28120', '6775', 'ThAs'),
('8090', '6780', 'NaCl'),
('9275', '6786', 'Sc'),
('14069', '6787', 'PuSe'),
('8260', '6788', 'NpAs'),
('11602', '6789', 'NpAs'),
('18072', '6790', 'TiRh'),
('10900', '6799', 'BeRh'),
('22454', '6800', 'LiS'),
('18717', '6808', 'AlSn'),
('11153', '6809', 'InRh'),
('31237', '6810', 'ZrTe'),
('11137', '6837', 'PrIn'),
('8149', '6843', 'SmS'),
('21328', '6846', 'ZrN'),
('10320', '6848', 'YbP'),
('8293', '6850', 'SmN'),
('7552', '6853', 'GaSb'),
('18325', '6854', 'EuIn'),
('17558', '6855', 'LaMg'),
('18076', '6856', 'TmRh'),
('21409', '6858', 'PrN'),
('10896', '6860', 'BePd'),
('10128', '6861', 'ZnCu'),
('10649', '6862', 'LiAg'),
('10906', '6863', 'TiBe'),
('18090', '6864', 'ScRu'),
('8355', '6865', 'CsI'),
('18106', '6866', 'ScZn'),
('1956', '6870', 'EuN'),
('10672', '6873', 'TbAg'),
('8385', '6882', 'NpSb'),
('13641', '6886', 'ZrO'),
('8517', '6887', 'ThSb'),
('8269', '6889', 'PuAs'),
('30411', '6890', 'GdS'),
('8286', '6893', 'ZrAs'),
('11114', '6896', 'InNi'),
('18819', '6897', 'EuCu'),
('28662', '6899', 'BaTe'),
('18079', '6901', 'VRh'),
('18083', '6904', 'YRh'),
('17063', '6905', 'CdPd'),
('17320', '6906', 'GdHg'),
('14033', '6907', 'Pa'),
('21512', '6909', 'LaC'),
('8251', '6910', 'GaAs'),
('8295', '6916', 'SmSb'),
('5237', '6918', 'CeSe'),
('17314', '6919', 'YbGa'),
('30990', '6923', 'VPt'),
('17067', '6925', 'SrCd'),
('11166', '6927', 'InTe'),
('18097', '6929', 'TiRu'),
('10673', '6930', 'TbAg'),
('5809', '6935', 'VB2'),
('22432', '6945', 'TcN'),
('11159', '6946', 'SmIn'),
('18099', '6948', 'VRu'),
('3258', '6956', 'VCl2'),
('18759', '6981', 'SmBi'),
('7551', '6984', 'GaAs'),
('19093', '6985', 'DyTh'),
('18867', '6987', 'TiIr'),
('22456', '6988', 'KS'),
('17895', '7003', 'PtO'),
('8294', '7005', 'SmP'),
('30994', '7008', 'ZnPt'),
('30230', '7010', 'FeNi'),
('18101', '7011', 'ZrRu'),
('17590', '7012', 'LiPb'),
('17591', '7013', 'LiPb'),
('17596', '7014', 'LiPd'),
('5240', '7024', 'SmSe'),
('10370', '7025', 'InSb'),
('17064', '7026', 'PrCd'),
('8089', '7027', 'KH'),
('17838', '7028', 'TiNi'),
('18094', '7029', 'TaRu'),
('18869', '7030', 'MgSc'),
('11177', '7031', 'YbIn'),
('10164', '7032', 'SrLiP'),
('2587', '7040', 'TlF'),
('10381', '7041', 'AlAu'),
('8279', '7053', 'ThAs'),
('22430', '7055', 'TcN'),
('17321', '7056', 'GdIn'),
('17580', '7057', 'LaTl'),
('11171', '7058', 'TmIn'),
('10665', '7060', 'ScAg'),
('18111', '7062', 'SmTl'),
('29989', '7063', 'ErHg'),
('17053', '7079', 'LaCd'),
('10660', '7080', 'NdAg'),
('14796', '7101', 'FeO'),
('21497', '7103', 'PmN'),
('18755', '7107', 'CeBi'),
('8270', '7109', 'PuAs'),
('16746', '7110', 'LaAs'),
('19092', '7111', 'GdTh'),
('10662', '7112', 'PrAg'),
('30236', '7113', 'FePd'),
('10667', '7115', 'SmAg'),
('17597', '7117', 'LiPd'),
('13939', '7130', 'PuC'),
('30745', '7134', 'MnPd'),
('5808', '7135', 'TiB2'),
('14011', '7136', 'TmPPt'),
('18312', '7140', 'DyN'),
('30158', '7144', 'Fe'),
('22455', '7148', 'NaS'),
('13741', '7162', 'MoP'),
('10173', '7166', 'Sr'),
('30736', '7170', 'MnNi'),
('17600', '7172', 'LiPt'),
('3814', '7183', 'ZrCl2'),
('18776', '7191', 'PaC'),
('22433', '7193', 'TcN'),
('16037', '7195', 'PrSb'),
('30751', '7197', 'MnRh'),
('5805', '7199', 'ZrB2'),
('20934', '7200', 'AuCN'),
('30247', '7201', 'FeSi2'),
('30750', '7208', 'MnPt'),
('20394', '7231', 'YN'),
('18374', '7243', 'TbGa2'),
('8477', '7245', 'ZrB'),
('31001', '7253', 'PuTe'),
('16721', '7255', 'P'),
('10401', '7257', 'CeAl'),
('10103', '7259', 'HgSe'),
('10426', '7262', 'AlCr2'),
('8282', '7263', 'UAs'),
('17603', '7268', 'Li2Pt'),
('5807', '7269', 'TaB2'),
('20679', '7274', 'Si2Ni'),
('10165', '7275', 'BaLiP'),
('11175', '7279', 'YIn'),
('18110', '7280', 'SmTl'),
('18378', '7281', 'Hg2Rh'),
('8265', '7296', 'PaAs'),
('18789', '7297', 'CdTe'),
('8297', '7298', 'NdBi'),
('10102', '7302', 'HgS'),
('18319', '7304', 'ErN'),
('5806', '7314', 'NbB2'),
('20929', '7320', 'AlFe'),
('10688', '7323', 'YbAu2'),
('16038', '7327', 'NdSb'),
('13946', '7337', 'ReC'),
('22450', '7338', 'NaAs'),
('13677', '7352', 'HfB'),
('11906', '7353', 'ThP'),
('22369', '7358', 'RhC'),
('18322', '7362', 'ErS'),
('18105', '7363', 'YbSb'),
('13743', '7364', 'NbN'),
('18108', '7365', 'YSe'),
('15297', '7393', 'AgCN'),
('10693', '7395', 'BaAu2'),
('8179', '7398', 'MnB2'),
('17637', '7403', 'Mg2Pb'),
('5847', '7404', 'CrB2'),
('17649', '7405', 'Mg2Si'),
('5087', '7406', 'MgB2'),
('4570', '7418', 'UO'),
('5848', '7419', 'HfB2'),
('20081', '7425', 'InN'),
('5539', '7427', 'H'),
('14047', '7428', 'YbI2'),
('3580', '7429', 'LiZnN'),
('21461', '7450', 'Ti2Re'),
('7530', '7476', 'InN'),
('14010', '7484', 'TbPPt'),
('13703', '7490', 'USb'),
('31022', '7493', 'Ti2Rh'),
('17653', '7494', 'Mg2Sn'),
('8428', '7495', 'ScB2'),
('11966', '7507', 'TiF2'),
('22228', '7524', 'ThH2'),
('29771', '7526', 'Cu2S'),
('21472', '7537', 'SnO2'),
('14048', '7539', 'CIN'),
('12787', '7540', 'CrSi2'),
('18102', '7544', 'TmS'),
('28939', '7552', 'TlC'),
('19195', '7556', 'DyGa2'),
('8476', '7564', 'YbB2'),
('8221', '7566', 'AlB2'),
('10934', '7591', 'HoBiPt'),
('10648', '7603', 'LaAg'),
('20395', '7604', 'YN'),
('8088', '7605', 'O'),
('30512', '7607', 'Hf2Hg'),
('6332', '7608', 'MnCl2'),
('10968', '7612', 'TlBi2'),
('8473', '7613', 'TmB2');

INSERT INTO `BandGap1K` (`entry_id`, `calculation_id`, `band_gap`) VALUES
('25672', '1352933', 3.024),
('1216058', '2454', 0),
('1216098', '2689', 0),
('4698', '3346', 11.91),
('8130', '3588', 0),
('8132', '3592', 0),
('8203', '3612', 7.487),
('7503', '3619', 0),
('8533', '3620', 0),
('7517', '3624', 0),
('8082', '3629', 0),
('8086', '3637', 11.657),
('8100', '3638', 0),
('12054', '3681', 13.5),
('8500', '3697', 0),
('7514', '3721', 0),
('9566', '3723', 0),
('9320', '3726', 0),
('10106', '3729', 0),
('8586', '3732', 0),
('17350', '3749', 0),
('12055', '3763', 14.115),
('16720', '3788', 0),
('7513', '3794', 0),
('7521', '3798', 0),
('17319', '3804', 0),
('22514', '3829', 0),
('22516', '3833', 0),
('7505', '3845', 0),
('7512', '3847', 0),
('7519', '3849', 0),
('7522', '3853', 0),
('6321', '3859', 2.083),
('5810', '3861', 0),
('18114', '3908', 0),
('22472', '3911', 0),
('8391', '3976', 0),
('7509', '3977', 0),
('7520', '3980', 0),
('17859', '3981', 0),
('10676', '3983', 0),
('17860', '3984', 0),
('6320', '3986', 1.62),
('10678', '3987', 0),
('17352', '3991', 0),
('10681', '3992', 0),
('10937', '3994', 0),
('21452', '3995', 0),
('17610', '3997', 0),
('10683', '3998', 0),
('18891', '3999', 0),
('17612', '4001', 0),
('19149', '4003', 0),
('17360', '4004', 0),
('4566', '4007', 1.586),
('8134', '4044', 0),
('8138', '4047', 0),
('31044', '4049', 0),
('8144', '4050', 0),
('8520', '4060', 0),
('3925', '4064', 0),
('13761', '4069', 0),
('30000', '4071', 0),
('18895', '4073', 0),
('8143', '4075', 0),
('7648', '4076', 2.167),
('7649', '4086', 1.644),
('8390', '4108', 0),
('9214', '4113', 0),
('12056', '4117', 14.15),
('9277', '4136', 0),
('9287', '4137', 0),
('28966', '4153', 0),
('30508', '4154', 0),
('31023', '4158', 0),
('31025', '4160', 0),
('31283', '4161', 0),
('10944', '4162', 0),
('30004', '4164', 0),
('8386', '4165', 0),
('18984', '4183', 0),
('13862', '4191', 0),
('20540', '4200', 0),
('20541', '4201', 0),
('8534', '4208', 0),
('8568', '4213', 0),
('13705', '4220', 0),
('8597', '4222', 0),
('17585', '4224', 0),
('19150', '4236', 0),
('30264', '4237', 0),
('31032', '4239', 0),
('22272', '4247', 0),
('18780', '4258', 0),
('13650', '4260', 0),
('9316', '4265', 0),
('5499', '4267', 0),
('5517', '4268', 0),
('21449', '4274', 0),
('8118', '4276', 0),
('21453', '4278', 0),
('8122', '4280', 0),
('18131', '4281', 0),
('17621', '4283', 0),
('18903', '4284', 0),
('18904', '4286', 0),
('17625', '4289', 0),
('20443', '4291', 0.182),
('17627', '4295', 0),
('18140', '4297', 0),
('8139', '4299', 0),
('17629', '4306', 0),
('17630', '4308', 0),
('8141', '4310', 0),
('19423', '4314', 0),
('22242', '4316', 0),
('6318', '4333', 4.09),
('17349', '4337', 0),
('18896', '4340', 0),
('18136', '4342', 0),
('30785', '4346', 0),
('19422', '4352', 0),
('8142', '4353', 0),
('22243', '4357', 0),
('28740', '4358', 0),
('10705', '4359', 0),
('18145', '4361', 0),
('27974', '4363', 0),
('8145', '4366', 0),
('17380', '4368', 0),
('18148', '4370', 0),
('28744', '4372', 0),
('30536', '4374', 0),
('30025', '4376', 0),
('17638', '4378', 0),
('10711', '4382', 1.04),
('10712', '4388', 0.392),
('17640', '4390', 0),
('18152', '4392', 0),
('18153', '4394', 0),
('17386', '4395', 0),
('10715', '4398', 0),
('29007', '4399', 0),
('10972', '4401', 0),
('9301', '4419', 0),
('22248', '4439', 0),
('18156', '4441', 0),
('17389', '4442', 0),
('18157', '4443', 0),
('8156', '4445', 0),
('17646', '4446', 0),
('20463', '4448', 0),
('20464', '4452', 0),
('20721', '4453', 0),
('10720', '4456', 0),
('17392', '4458', 0),
('17904', '4460', 0),
('20465', '4461', 0),
('20466', '4463', 0),
('17650', '4464', 0),
('17906', '4466', 0),
('18674', '4468', 0),
('20467', '4469', 0),
('22309', '4478', 0),
('12059', '4483', 14.181),
('9297', '4491', 0),
('22473', '4495', 1.772),
('8119', '4498', 0),
('20684', '4500', 0),
('22262', '4505', 0),
('29784', '4509', 0),
('30040', '4511', 0),
('17397', '4512', 0),
('22264', '4514', 0),
('12057', '4536', 14.099),
('12058', '4537', 14.132),
('10325', '4546', 0),
('10105', '4549', 0),
('14014', '4554', 0),
('8123', '4556', 0),
('4543', '4559', 0.176),
('11469', '4561', 0),
('29003', '4563', 0),
('20469', '4566', 0),
('5497', '4601', 0),
('4523', '4610', 0.179),
('22475', '4611', 0.95),
('17907', '4625', 0),
('29018', '4627', 0),
('10182', '4659', 1.115),
('9672', '4660', 0),
('10445', '4664', 0),
('14034', '4665', 0),
('30534', '4668', 0),
('29013', '4672', 0),
('8162', '4674', 0),
('22476', '4692', 0),
('17353', '4694', 1.453),
('22221', '4696', 0),
('17383', '4710', 0),
('8155', '4714', 0),
('8115', '4734', 0),
('18147', '4742', 0),
('30535', '4744', 0),
('30537', '4749', 0),
('17898', '4752', 0),
('14052', '4755', 0),
('8163', '4761', 0),
('21451', '4787', 0),
('30533', '4788', 0),
('13784', '4789', 0),
('14051', '4792', 0),
('20468', '4794', 0),
('4578', '4802', 0),
('10729', '4804', 0),
('17657', '4805', 0),
('18169', '4806', 0),
('10986', '4807', 0),
('17402', '4808', 0),
('12061', '4844', 14.108),
('12062', '4845', 14.146),
('12064', '4847', 14.198),
('8165', '4866', 0),
('4579', '4870', 0),
('17404', '4871', 0),
('17660', '4873', 0),
('18172', '4874', 0),
('3311', '4880', 0),
('18967', '4904', 0),
('19480', '4905', 0),
('12060', '4907', 14.087),
('12063', '4908', 14.187),
('8164', '4918', 0),
('17661', '4919', 0),
('5624', '4944', 2.587),
('5625', '4948', 2.414),
('5626', '4955', 2.4),
('4177', '4961', 18.39),
('14036', '4964', 0),
('29020', '4966', 0),
('29022', '4967', 0),
('5627', '4976', 2.95),
('6912', '5002', 0),
('14035', '5021', 0),
('5578', '5023', 1.191),
('22263', '5029', 0),
('29023', '5031', 0),
('17406', '5033', 0),
('18174', '5034', 0),
('10991', '5035', 0),
('17407', '5036', 0),
('17663', '5037', 0),
('20737', '5038', 7.021),
('10480', '5039', 0),
('10736', '5040', 0),
('18176', '5041', 0),
('2562', '5057', 7.392),
('12065', '5073', 14.204),
('12074', '5080', 14.112),
('4672', '5084', 0),
('8159', '5092', 0),
('17655', '5093', 0),
('8166', '5095', 0),
('8167', '5096', 0),
('29029', '5099', 0),
('30309', '5100', 0),
('5613', '5101', 0),
('9972', '5103', 0),
('10997', '5105', 0),
('17413', '5108', 0),
('1797', '5115', 0),
('12067', '5129', 13.838),
('12069', '5130', 14.089),
('12070', '5131', 14.094),
('12073', '5133', 14.11),
('17557', '5139', 0),
('22474', '5140', 0),
('13762', '5144', 0),
('14025', '5145', 0),
('8154', '5146', 0),
('17399', '5147', 0),
('6117', '5149', 0),
('31334', '5151', 0),
('17414', '5153', 0),
('29034', '5155', 0),
('3084', '5174', 0),
('4110', '5176', 5.181),
('18981', '5184', 0),
('18988', '5187', 0),
('8147', '5192', 0),
('8158', '5194', 0),
('7652', '5196', 2.319),
('8168', '5198', 0),
('8170', '5199', 0),
('22530', '5200', 0),
('22284', '5209', 0),
('30061', '5210', 0),
('22285', '5213', 0),
('21518', '5214', 0),
('29039', '5215', 0),
('22287', '5216', 0),
('11005', '5218', 0),
('4111', '5224', 4.487),
('14032', '5239', 0),
('8146', '5242', 0),
('8173', '5248', 2.106),
('5615', '5249', 0),
('20234', '5250', 3.57),
('17419', '5251', 0),
('31087', '5254', 0),
('17935', '5259', 0),
('29043', '5261', 0),
('30067', '5262', 0),
('29044', '5264', 0),
('10497', '5267', 0),
('20242', '5271', 0),
('2577', '5281', 4.975),
('2578', '5284', 0.423),
('2580', '5289', 2.62),
('8117', '5295', 0),
('20685', '5297', 0.967),
('6116', '5304', 0),
('6628', '5305', 0),
('13807', '5308', 2.61),
('17670', '5310', 0),
('21515', '5311', 0),
('20235', '5312', 2.458),
('17676', '5313', 0),
('31091', '5315', 0),
('17424', '5316', 0),
('19476', '5317', 0),
('17429', '5318', 0),
('17686', '5320', 0),
('9226', '5322', 0),
('5404', '5336', 0),
('10930', '5349', 0),
('8121', '5351', 0),
('18905', '5352', 0),
('6119', '5355', 0.161),
('21508', '5362', 0),
('31079', '5364', 0),
('11508', '5366', 2.199),
('22537', '5368', 0.342),
('21516', '5370', 0),
('29816', '5371', 0),
('17432', '5372', 0),
('17944', '5374', 0),
('11019', '5375', 0),
('5664', '5381', 1.367),
('4641', '5390', 1.751),
('12068', '5399', 13.842),
('8171', '5405', 0),
('21510', '5411', 0),
('21517', '5414', 0),
('30063', '5415', 0),
('18193', '5418', 0),
('30843', '5419', 0),
('9225', '5420', 0),
('17436', '5422', 0),
('11022', '5424', 0),
('8169', '5446', 0),
('11510', '5447', 3.455),
('18721', '5449', 0),
('4138', '5459', 0),
('5677', '5461', 2.323),
('6958', '5469', 1.084),
('5166', '5473', 6.781),
('4656', '5477', 0.366),
('5426', '5483', 5.432),
('5427', '5488', 4.53),
('8157', '5497', 0),
('17671', '5498', 0),
('11000', '5499', 0),
('30060', '5501', 0),
('17168', '5503', 0),
('17680', '5504', 0),
('11012', '5505', 0),
('6913', '5506', 0.417),
('29826', '5507', 0),
('17441', '5508', 0),
('10516', '5509', 0),
('17700', '5510', 0),
('17446', '5511', 0),
('4149', '5523', 0),
('4150', '5529', 0),
('5176', '5535', 0),
('22268', '5539', 0),
('11511', '5541', 3.367),
('11512', '5543', 3.948),
('17685', '5550', 0),
('5632', '5551', 0),
('8206', '5557', 2.611),
('10777', '5558', 0),
('5177', '5560', 0),
('7484', '5566', 9.633),
('5179', '5572', 0),
('5181', '5581', 3.687),
('6974', '5582', 0.686),
('8001', '5584', 0.753),
('12071', '5587', 14.098),
('12072', '5588', 14.103),
('14029', '5590', 0),
('5611', '5593', 0),
('21513', '5594', 0),
('8182', '5595', 0),
('11514', '5596', 6.315),
('29551', '5597', 0),
('21520', '5598', 0),
('17427', '5600', 0),
('22298', '5602', 2.792),
('17187', '5605', 0),
('21289', '5606', 0),
('29834', '5607', 0),
('20780', '5609', 1.874),
('8480', '5611', 0),
('5182', '5615', 3.363),
('6975', '5617', 0.966),
('4671', '5626', 0),
('5183', '5628', 2.111),
('18160', '5630', 0),
('10940', '5636', 0),
('8383', '5637', 0),
('8389', '5638', 0),
('6095', '5639', 0),
('10965', '5640', 0),
('30819', '5641', 0),
('11505', '5642', 4.521),
('21509', '5643', 0),
('5616', '5645', 2.341),
('22308', '5652', 0),
('17457', '5654', 0),
('17970', '5655', 0),
('8112', '5690', 0),
('5834', '5693', 0),
('6118', '5695', 0.874),
('11509', '5697', 4.153),
('30058', '5698', 0),
('21514', '5699', 0),
('11517', '5703', 0),
('17425', '5704', 0),
('7682', '5705', 0),
('8196', '5706', 0),
('9221', '5707', 0),
('22306', '5710', 0),
('31121', '5712', 0),
('31126', '5714', 0),
('17460', '5715', 0),
('4163', '5722', 0),
('12066', '5727', 13.832),
('17861', '5729', 0),
('13795', '5731', 0),
('4568', '5732', 0),
('7651', '5734', 0),
('8172', '5735', 0),
('22305', '5737', 0),
('17454', '5740', 0),
('30357', '5744', 0),
('10789', '5745', 0),
('5151', '5746', 5.126),
('10793', '5748', 0),
('20282', '5749', 0),
('20241', '5767', 0),
('17439', '5773', 0),
('30618', '5779', 0),
('17207', '5780', 0),
('20281', '5781', 0),
('17467', '5784', 0),
('17980', '5785', 0),
('30370', '5787', 0),
('10544', '5789', 0),
('11312', '5790', 0),
('17987', '5791', 0),
('10550', '5792', 0),
('10817', '5793', 0),
('31106', '5810', 0),
('10963', '5811', 0),
('6096', '5812', 0),
('14050', '5813', 0),
('18158', '5814', 0),
('5081', '5815', 0),
('20743', '5820', 0),
('20744', '5821', 0),
('28037', '5826', 0),
('17443', '5827', 0),
('4108', '5828', 3.978),
('17448', '5830', 0),
('17197', '5831', 0),
('17459', '5832', 0),
('17492', '5833', 0),
('5709', '5836', 1.341),
('7247', '5847', 0),
('7248', '5852', 0),
('5714', '5858', 0.773),
('18159', '5860', 0),
('22281', '5862', 0),
('20243', '5863', 0),
('22304', '5864', 0),
('17212', '5867', 0),
('8235', '5869', 1.416),
('10797', '5870', 0);
INSERT INTO `BandGap1K` (`entry_id`, `calculation_id`, `band_gap`) VALUES
('30881', '5872', 0),
('10542', '5873', 0),
('10799', '5875', 0),
('17474', '5876', 0),
('29867', '5878', 0),
('17746', '5880', 0),
('6836', '5914', 0),
('6100', '5916', 0),
('11507', '5918', 2.637),
('17170', '5919', 0),
('10775', '5920', 0),
('11031', '5921', 0),
('18741', '5923', 0),
('21569', '5925', 0),
('30632', '5926', 0),
('17989', '5927', 0),
('17479', '5928', 0),
('29100', '5929', 0),
('29868', '5930', 0),
('17481', '5931', 0),
('10810', '5932', 0),
('17995', '5933', 0),
('10813', '5937', 0),
('4949', '5943', 0),
('3670', '5955', 0),
('3671', '5958', 0),
('17750', '5970', 0),
('18015', '5972', 0),
('30774', '5978', 0),
('8161', '5980', 0),
('11516', '5984', 0),
('13825', '5985', 0),
('21519', '5986', 0),
('17422', '5987', 0),
('19509', '5993', 3.583),
('31332', '6004', 0),
('17677', '6006', 0),
('11013', '6008', 0),
('3679', '6014', 0),
('30376', '6023', 0),
('21321', '6024', 3.359),
('17225', '6025', 0),
('7479', '6027', 0),
('10558', '6030', 0),
('17486', '6031', 0),
('10561', '6032', 0),
('5180', '6033', 8.496),
('4707', '6039', 0),
('21307', '6043', 0),
('21563', '6044', 0),
('3685', '6049', 5.121),
('17703', '6050', 0),
('7452', '6051', 0),
('30616', '6054', 0),
('30631', '6057', 0),
('7523', '6062', 1.499),
('3682', '6068', 4.361),
('3683', '6069', 5.354),
('5736', '6073', 0),
('21324', '6076', 0),
('6924', '6084', 0),
('4109', '6085', 3.87),
('17490', '6087', 0),
('10823', '6088', 0),
('5734', '6091', 0),
('3684', '6094', 4.454),
('5735', '6095', 0),
('3686', '6097', 4.438),
('8120', '6100', 0),
('4567', '6105', 0),
('17421', '6113', 0),
('20240', '6114', 0),
('1897', '6116', 0),
('1898', '6119', 0),
('17215', '6121', 0),
('4151', '6122', 0),
('17751', '6123', 0),
('12625', '6124', 2.377),
('18797', '6126', 0),
('5737', '6127', 0),
('5738', '6128', 0),
('30095', '6145', 0),
('21322', '6147', 0),
('4657', '6148', 0.264),
('10822', '6150', 0),
('5236', '6154', 0),
('6097', '6158', 0),
('18979', '6159', 0),
('22310', '6160', 0),
('22313', '6161', 0),
('5686', '6162', 6.852),
('8487', '6165', 0),
('21323', '6166', 0),
('30124', '6167', 0),
('21326', '6168', 0),
('22360', '6169', 0),
('7540', '6176', 0),
('29026', '6190', 0.372),
('18199', '6194', 0),
('14102', '6198', 0.549),
('21332', '6200', 0),
('17780', '6203', 0),
('8051', '6210', 0),
('18488', '6222', 0),
('21327', '6223', 0),
('13637', '6224', 0),
('17496', '6226', 0),
('5242', '6231', 0),
('8472', '6235', 0),
('28054', '6236', 0),
('10539', '6239', 0),
('11589', '6241', 0.691),
('10576', '6242', 0),
('10087', '6245', 0),
('29922', '6246', 0),
('21308', '6249', 0),
('8239', '6251', 0),
('5695', '6253', 1.708),
('17500', '6254', 0),
('5238', '6256', 0),
('14105', '6258', 0.422),
('20836', '6261', 0),
('4708', '6262', 1.376),
('5239', '6288', 0),
('20089', '6291', 0),
('6099', '6292', 0),
('10969', '6293', 0),
('6101', '6294', 0),
('10971', '6296', 0),
('21522', '6298', 0),
('21330', '6300', 0),
('21338', '6301', 0),
('8519', '6302', 0),
('17248', '6303', 0),
('18785', '6305', 0),
('30405', '6306', 0),
('18050', '6310', 0),
('17795', '6311', 0),
('22410', '6312', 0),
('30778', '6320', 0),
('8394', '6321', 18.437),
('10957', '6322', 0),
('20522', '6327', 0),
('27280', '6328', 0.508),
('21325', '6329', 0),
('20565', '6330', 0),
('10573', '6332', 0),
('13907', '6333', 0),
('22370', '6334', 0),
('20837', '6335', 0),
('18788', '6337', 0),
('5241', '6343', 1.806),
('4731', '6349', 0),
('8113', '6351', 0),
('8384', '6352', 0),
('22368', '6356', 0),
('10323', '6358', 0),
('30152', '6359', 0),
('17512', '6360', 0),
('8063', '6365', 0),
('18987', '6374', 0),
('8273', '6377', 0),
('29642', '6378', 0),
('8506', '6384', 0),
('6098', '6415', 0),
('5614', '6416', 1.105),
('10840', '6419', 0),
('18025', '6422', 0),
('17522', '6427', 0),
('20622', '6429', 4.062),
('10365', '6430', 0),
('5771', '6433', 2.068),
('7823', '6445', 0),
('8079', '6446', 0),
('8080', '6450', 0),
('11321', '6458', 2.172),
('17484', '6459', 0),
('21331', '6460', 0),
('12378', '6463', 0.773),
('10846', '6465', 0),
('30932', '6466', 0),
('17525', '6467', 0),
('18038', '6469', 0),
('30426', '6470', 0),
('4497', '6472', 0.641),
('4498', '6484', 0.617),
('6293', '6489', 0),
('9295', '6492', 0),
('21337', '6494', 0),
('14013', '6501', 0),
('11506', '6502', 3.926),
('6296', '6504', 1.484),
('8091', '6505', 7.051),
('22276', '6506', 0),
('21521', '6508', 0),
('22303', '6510', 0),
('10077', '6515', 0),
('17776', '6516', 0),
('18036', '6517', 0),
('17530', '6519', 0),
('10623', '6522', 0),
('8254', '6528', 0),
('17297', '6529', 0),
('10375', '6531', 0),
('18839', '6532', 0),
('18073', '6533', 0),
('17306', '6534', 0),
('27646', '6535', 0),
('29950', '6536', 0),
('31231', '6537', 0),
('10894', '6538', 0),
('7826', '6540', 0),
('8507', '6543', 0),
('17538', '6544', 0),
('4248', '6546', 0),
('22314', '6551', 0),
('10632', '6553', 0),
('29957', '6554', 0),
('3735', '6559', 5.246),
('21309', '6563', 0),
('8252', '6564', 0),
('5178', '6565', 0),
('21334', '6566', 0),
('10066', '6567', 0.629),
('8281', '6570', 0),
('30434', '6573', 0),
('17536', '6574', 0),
('5995', '6575', 5.123),
('13691', '6576', 0),
('9288', '6579', 0),
('18044', '6581', 0),
('27877', '6582', 0),
('10867', '6583', 0),
('17541', '6584', 0),
('21113', '6587', 2.627),
('17788', '6588', 0),
('18067', '6589', 0),
('10125', '6591', 0),
('10639', '6592', 0),
('30950', '6597', 0),
('10359', '6598', 0),
('10936', '6600', 0),
('5822', '6601', 0),
('18457', '6604', 0),
('18458', '6605', 0),
('23862', '6606', 1.313),
('11024', '6607', 0),
('11301', '6608', 0),
('8484', '6609', 0),
('21329', '6625', 0),
('30413', '6628', 0),
('30414', '6629', 0),
('9319', '6633', 0),
('1949', '6640', 0),
('10280', '6643', 0),
('21336', '6644', 0),
('8272', '6645', 0),
('30156', '6646', 0),
('7771', '6647', 0),
('18818', '6648', 0),
('19332', '6649', 0),
('19333', '6650', 0),
('18054', '6651', 0),
('21386', '6652', 0.596),
('11128', '6653', 0),
('5783', '6654', 2.249),
('22367', '6659', 0.696),
('12376', '6660', 1.627),
('10361', '6661', 0),
('18313', '6662', 0),
('18829', '6663', 0),
('19341', '6664', 0),
('29686', '6665', 0),
('21407', '6667', 0),
('18088', '6668', 0),
('21306', '6673', 0),
('21335', '6675', 0),
('8278', '6677', 0),
('10879', '6678', 0),
('17583', '6679', 0),
('5793', '6691', 2.222),
('2466', '6692', 1.195),
('8431', '6694', 0),
('18454', '6695', 0),
('30415', '6700', 0),
('8485', '6705', 0),
('10315', '6706', 0.368),
('20574', '6707', 0),
('10081', '6709', 2.953),
('10609', '6710', 0),
('18057', '6711', 0),
('19339', '6712', 0),
('11590', '6722', 0),
('8285', '6725', 0),
('30423', '6726', 0),
('10362', '6727', 0),
('16942', '6743', 0),
('20278', '6744', 0),
('30151', '6745', 0.217),
('8535', '6747', 0),
('3678', '6748', 0),
('7553', '6750', 1.754),
('18100', '6753', 0),
('28120', '6775', 0),
('8090', '6780', 4.237),
('9275', '6786', 0),
('14069', '6787', 0),
('8260', '6788', 0),
('11602', '6789', 0),
('18072', '6790', 0),
('10900', '6799', 0),
('22454', '6800', 0),
('18717', '6808', 0),
('11153', '6809', 0),
('31237', '6810', 0),
('11137', '6837', 0),
('8149', '6843', 0),
('21328', '6846', 0),
('10320', '6848', 0),
('8293', '6850', 0),
('7552', '6853', 0.366),
('18325', '6854', 0),
('17558', '6855', 0),
('18076', '6856', 0),
('21409', '6858', 0),
('10896', '6860', 0),
('10128', '6861', 0),
('10649', '6862', 0),
('10906', '6863', 0),
('18090', '6864', 0),
('8355', '6865', 3.857),
('18106', '6866', 0),
('1956', '6870', 0),
('10672', '6873', 0),
('8385', '6882', 0),
('13641', '6886', 0),
('8517', '6887', 0),
('8269', '6889', 0),
('30411', '6890', 0),
('8286', '6893', 0),
('11114', '6896', 0),
('18819', '6897', 0),
('28662', '6899', 0.894),
('18079', '6901', 0),
('18083', '6904', 0),
('17063', '6905', 0),
('17320', '6906', 0),
('14033', '6907', 0),
('21512', '6909', 0),
('8251', '6910', 0),
('8295', '6916', 0),
('5237', '6918', 0),
('17314', '6919', 0),
('30990', '6923', 0),
('17067', '6925', 0),
('11166', '6927', 0),
('18097', '6929', 0),
('10673', '6930', 0),
('5809', '6935', 0),
('22432', '6945', 0),
('11159', '6946', 0),
('18099', '6948', 0),
('3258', '6956', 1.198),
('18759', '6981', 0),
('7551', '6984', 0.574),
('19093', '6985', 0),
('18867', '6987', 0),
('22456', '6988', 0),
('17895', '7003', 0),
('8294', '7005', 0),
('30994', '7008', 0),
('30230', '7010', 0),
('18101', '7011', 0),
('17590', '7012', 0),
('17591', '7013', 0),
('17596', '7014', 0),
('5240', '7024', 0),
('10370', '7025', 0),
('17064', '7026', 0),
('8089', '7027', 3.656),
('17838', '7028', 0),
('18094', '7029', 0),
('18869', '7030', 0),
('11177', '7031', 0),
('10164', '7032', 0.95),
('2587', '7040', 2.089),
('10381', '7041', 0),
('8279', '7053', 0),
('22430', '7055', 0),
('17321', '7056', 0),
('17580', '7057', 0),
('11171', '7058', 0),
('10665', '7060', 0),
('18111', '7062', 0),
('29989', '7063', 0),
('17053', '7079', 0),
('10660', '7080', 0),
('14796', '7101', 1.259),
('21497', '7103', 0),
('18755', '7107', 0),
('8270', '7109', 0),
('16746', '7110', 0),
('19092', '7111', 0),
('10662', '7112', 0),
('30236', '7113', 0),
('10667', '7115', 0),
('17597', '7117', 0),
('13939', '7130', 0),
('30745', '7134', 0),
('5808', '7135', 0),
('14011', '7136', 0),
('18312', '7140', 0),
('30158', '7144', 0),
('22455', '7148', 0),
('13741', '7162', 0),
('10173', '7166', 0),
('30736', '7170', 0),
('17600', '7172', 0),
('3814', '7183', 1.06),
('18776', '7191', 0),
('22433', '7193', 0),
('16037', '7195', 0),
('30751', '7197', 0),
('5805', '7199', 0),
('20934', '7200', 1.063),
('30247', '7201', 0),
('30750', '7208', 0),
('20394', '7231', 0),
('18374', '7243', 0),
('8477', '7245', 0),
('31001', '7253', 0),
('16721', '7255', 0),
('10401', '7257', 0),
('10103', '7259', 0),
('10426', '7262', 0),
('8282', '7263', 0),
('17603', '7268', 0),
('5807', '7269', 0),
('20679', '7274', 0),
('10165', '7275', 0.95),
('11175', '7279', 0),
('18110', '7280', 0),
('18378', '7281', 0),
('8265', '7296', 0),
('18789', '7297', 0),
('8297', '7298', 0),
('10102', '7302', 0),
('18319', '7304', 0.364),
('5806', '7314', 0),
('20929', '7320', 0),
('10688', '7323', 0),
('16038', '7327', 0),
('13946', '7337', 0),
('22450', '7338', 0),
('13677', '7352', 0),
('11906', '7353', 0),
('22369', '7358', 0),
('18322', '7362', 0),
('18105', '7363', 0),
('13743', '7364', 0),
('18108', '7365', 0),
('15297', '7393', 3.218),
('10693', '7395', 0),
('8179', '7398', 0),
('17637', '7403', 0),
('5847', '7404', 0),
('17649', '7405', 0.281),
('5087', '7406', 0),
('4570', '7418', 0),
('5848', '7419', 0),
('20081', '7425', 0.331),
('5539', '7427', 7.225),
('14047', '7428', 3.824),
('3580', '7429', 0.821),
('21461', '7450', 0),
('7530', '7476', 0.3),
('14010', '7484', 0),
('13703', '7490', 0),
('31022', '7493', 0),
('17653', '7494', 0),
('8428', '7495', 0),
('11966', '7507', 0.747),
('22228', '7524', 0),
('29771', '7526', 0),
('21472', '7537', 0.623),
('14048', '7539', 4.343),
('12787', '7540', 0),
('18102', '7544', 0),
('28939', '7552', 0),
('19195', '7556', 0),
('8476', '7564', 0),
('8221', '7566', 0),
('10934', '7591', 0),
('10648', '7603', 0),
('20395', '7604', 2.422),
('8088', '7605', 0),
('30512', '7607', 0),
('6332', '7608', 1.807),
('10968', '7612', 0),
('8473', '7613', 0);

INSERT INTO `SpaceGroup1K` (`entry_id`, `calculation_id`, `spacegroup`) VALUES
('25672', '1352933', 'P212121'),
('1216058', '2454', 'R-3m'),
('1216098', '2689', 'R-3m'),
('4698', '3346', 'Fm-3m'),
('8130', '3588', 'Im-3m'),
('8132', '3592', 'Im-3m'),
('8203', '3612', 'Fm-3m'),
('7503', '3619', 'Fm-3m'),
('8533', '3620', 'Im-3m'),
('7517', '3624', 'Fm-3m'),
('8082', '3629', 'Im-3m'),
('8086', '3637', 'Fm-3m'),
('8100', '3638', 'Fm-3m'),
('12054', '3681', 'Fm-3m'),
('8500', '3697', 'Im-3m'),
('7514', '3721', 'Fm-3m'),
('9566', '3723', 'Im-3m'),
('9320', '3726', 'Im-3m'),
('10106', '3729', 'Im-3m'),
('8586', '3732', 'Im-3m'),
('17350', '3749', 'Im-3m'),
('12055', '3763', 'Fm-3m'),
('16720', '3788', 'Pm-3m'),
('7513', '3794', 'Fm-3m'),
('7521', '3798', 'Fm-3m'),
('17319', '3804', 'Im-3m'),
('22514', '3829', 'Im-3m'),
('22516', '3833', 'Im-3m'),
('7505', '3845', 'Fm-3m'),
('7512', '3847', 'Fm-3m'),
('7519', '3849', 'Fm-3m'),
('7522', '3853', 'Fm-3m'),
('6321', '3859', 'Fm-3m'),
('5810', '3861', 'F-43m'),
('18114', '3908', 'Pm-3m'),
('22472', '3911', 'Fm-3m'),
('8391', '3976', 'Im-3m'),
('7509', '3977', 'Fm-3m'),
('7520', '3980', 'Fm-3m'),
('17859', '3981', 'P4/mmm'),
('10676', '3983', 'P4/mmm'),
('17860', '3984', 'Pm-3m'),
('6320', '3986', 'Fm-3m'),
('10678', '3987', 'Pm-3m'),
('17352', '3991', 'Pm-3m'),
('10681', '3992', 'Pm-3m'),
('10937', '3994', 'P4/mmm'),
('21452', '3995', 'Pm-3m'),
('17610', '3997', 'Pm-3m'),
('10683', '3998', 'Pm-3m'),
('18891', '3999', 'Pm-3m'),
('17612', '4001', 'Pm-3m'),
('19149', '4003', 'Pm-3m'),
('17360', '4004', 'Pm-3m'),
('4566', '4007', 'F-43m'),
('8134', '4044', 'Im-3m'),
('8138', '4047', 'Im-3m'),
('31044', '4049', 'Pm-3m'),
('8144', '4050', 'Fm-3m'),
('8520', '4060', 'Im-3m'),
('3925', '4064', 'Fm-3m'),
('13761', '4069', 'P-6m2'),
('30000', '4071', 'Pm-3m'),
('18895', '4073', 'Pm-3m'),
('8143', '4075', 'P63/mmc'),
('7648', '4076', 'Fm-3m'),
('7649', '4086', 'Fm-3m'),
('8390', '4108', 'Im-3m'),
('9214', '4113', 'Fm-3m'),
('12056', '4117', 'Fm-3m'),
('9277', '4136', 'Pm-3m'),
('9287', '4137', 'Fm-3m'),
('28966', '4153', 'P4/mmm'),
('30508', '4154', 'Fm-3m'),
('31023', '4158', 'P4/mmm'),
('31025', '4160', 'P4/mmm'),
('31283', '4161', 'P4/mmm'),
('10944', '4162', 'P4/mmm'),
('30004', '4164', 'Pm-3m'),
('8386', '4165', 'Pm-3m'),
('18984', '4183', 'P6/mmm'),
('13862', '4191', 'Fm-3m'),
('20540', '4200', 'Cmmm'),
('20541', '4201', 'Cmmm'),
('8534', '4208', 'Im-3m'),
('8568', '4213', 'Im-3m'),
('13705', '4220', 'Im-3m'),
('8597', '4222', 'Im-3m'),
('17585', '4224', 'Im-3m'),
('19150', '4236', 'P4/mmm'),
('30264', '4237', 'Pm-3m'),
('31032', '4239', 'Pm-3m'),
('22272', '4247', 'Im-3m'),
('18780', '4258', 'Im-3m'),
('13650', '4260', 'Im-3m'),
('9316', '4265', 'Fm-3m'),
('5499', '4267', 'Fm-3m'),
('5517', '4268', 'Im-3m'),
('21449', '4274', 'P-6m2'),
('8118', '4276', 'Fm-3m'),
('21453', '4278', 'F-43m'),
('8122', '4280', 'Fm-3m'),
('18131', '4281', 'P4/mmm'),
('17621', '4283', 'Pm-3m'),
('18903', '4284', 'Pm-3m'),
('18904', '4286', 'Pm-3m'),
('17625', '4289', 'Pm-3m'),
('20443', '4291', 'Pm-3m'),
('17627', '4295', 'Pm-3m'),
('18140', '4297', 'Pm-3m'),
('8139', '4299', 'P63/mmc'),
('17629', '4306', 'Pm-3m'),
('17630', '4308', 'Pm-3m'),
('8141', '4310', 'P63/mmc'),
('19423', '4314', 'Pm-3m'),
('22242', '4316', 'Pm-3m'),
('6318', '4333', 'Fm-3m'),
('17349', '4337', 'P63/mmc'),
('18896', '4340', 'P4/mmm'),
('18136', '4342', 'P4/mmm'),
('30785', '4346', 'P4/mmm'),
('19422', '4352', 'Pm-3m'),
('8142', '4353', 'P63/mmc'),
('22243', '4357', 'Pm-3m'),
('28740', '4358', 'P4/mmm'),
('10705', '4359', 'Pm-3m'),
('18145', '4361', 'Pm-3m'),
('27974', '4363', 'P4/mmm'),
('8145', '4366', 'P63/mmc'),
('17380', '4368', 'Pm-3m'),
('18148', '4370', 'Pm-3m'),
('28744', '4372', 'P4/mmm'),
('30536', '4374', 'P4/mmm'),
('30025', '4376', 'Pm-3m'),
('17638', '4378', 'Pm-3m'),
('10711', '4382', 'Pm-3m'),
('10712', '4388', 'Pm-3m'),
('17640', '4390', 'Pm-3m'),
('18152', '4392', 'Pm-3m'),
('18153', '4394', 'P4/mmm'),
('17386', '4395', 'Pm-3m'),
('10715', '4398', 'Pm-3m'),
('29007', '4399', 'Pm-3m'),
('10972', '4401', 'Pm-3m'),
('9301', '4419', 'Fm-3m'),
('22248', '4439', 'P4/mmm'),
('18156', '4441', 'Pm-3m'),
('17389', '4442', 'Pm-3m'),
('18157', '4443', 'Pm-3m'),
('8156', '4445', 'Fm-3m'),
('17646', '4446', 'Pm-3m'),
('20463', '4448', 'Pm-3m'),
('20464', '4452', 'Pm-3m'),
('20721', '4453', 'Pm-3m'),
('10720', '4456', 'Pm-3m'),
('17392', '4458', 'Pm-3m'),
('17904', '4460', 'Pm-3m'),
('20465', '4461', 'Pm-3m'),
('20466', '4463', 'Pm-3m'),
('17650', '4464', 'Pm-3m'),
('17906', '4466', 'Pm-3m'),
('18674', '4468', 'Pm-3m'),
('20467', '4469', 'Pm-3m'),
('22309', '4478', 'Fm-3m'),
('12059', '4483', 'Fm-3m'),
('9297', '4491', 'Im-3m'),
('22473', '4495', 'F-43m'),
('8119', '4498', 'Fm-3m'),
('20684', '4500', 'Pm-3m'),
('22262', '4505', 'Pm-3m'),
('29784', '4509', 'Pm-3m'),
('30040', '4511', 'Pm-3m'),
('17397', '4512', 'Pm-3m'),
('22264', '4514', 'Pm-3m'),
('12057', '4536', 'Fm-3m'),
('12058', '4537', 'Fm-3m'),
('10325', '4546', 'R-3m'),
('10105', '4549', 'Fm-3m'),
('14014', '4554', 'Fm-3m'),
('8123', '4556', 'Fm-3m'),
('4543', '4559', 'F-43m'),
('11469', '4561', 'Fm-3m'),
('29003', '4563', 'Pm-3m'),
('20469', '4566', 'F-43m'),
('5497', '4601', 'Fm-3m'),
('4523', '4610', 'F-43m'),
('22475', '4611', 'F-43m'),
('17907', '4625', 'Fm-3m'),
('29018', '4627', 'P4/mmm'),
('10182', '4659', 'Fm-3m'),
('9672', '4660', 'R-3m'),
('10445', '4664', 'Pm-3m'),
('14034', '4665', 'Pm-3m'),
('30534', '4668', 'P4/mmm'),
('29013', '4672', 'Pm-3m'),
('8162', '4674', 'Fm-3m'),
('22476', '4692', 'Fm-3m'),
('17353', '4694', 'F-43m'),
('22221', '4696', 'Fm-3m'),
('17383', '4710', 'Pm-3m'),
('8155', '4714', 'Fm-3m'),
('8115', '4734', 'Cmcm'),
('18147', '4742', 'Fm-3m'),
('30535', '4744', 'P4/mmm'),
('30537', '4749', 'P4/mmm'),
('17898', '4752', 'Fm-3m'),
('14052', '4755', 'Pm-3m'),
('8163', '4761', 'Fm-3m'),
('21451', '4787', 'Fm-3m'),
('30533', '4788', 'P4/mmm'),
('13784', '4789', 'P-6m2'),
('14051', '4792', 'Fm-3m'),
('20468', '4794', 'F-43m'),
('4578', '4802', 'Fm-3m'),
('10729', '4804', 'Pm-3m'),
('17657', '4805', 'Pm-3m'),
('18169', '4806', 'Pm-3m'),
('10986', '4807', 'Pm-3m'),
('17402', '4808', 'Pm-3m'),
('12061', '4844', 'Fm-3m'),
('12062', '4845', 'Fm-3m'),
('12064', '4847', 'Fm-3m'),
('8165', '4866', 'Fm-3m'),
('4579', '4870', 'F-43m'),
('17404', '4871', 'Pm-3m'),
('17660', '4873', 'Pm-3m'),
('18172', '4874', 'Pm-3m'),
('3311', '4880', 'I4mm'),
('18967', '4904', 'R-3m'),
('19480', '4905', 'Fmmm'),
('12060', '4907', 'Fm-3m'),
('12063', '4908', 'Fm-3m'),
('8164', '4918', 'Fm-3m'),
('17661', '4919', 'Pm-3m'),
('5624', '4944', 'Fm-3m'),
('5625', '4948', 'Fm-3m'),
('5626', '4955', 'Fm-3m'),
('4177', '4961', 'Fm-3m'),
('14036', '4964', 'Pm-3m'),
('29020', '4966', 'Pm-3m'),
('29022', '4967', 'P4/mmm'),
('5627', '4976', 'Fm-3m'),
('6912', '5002', 'Fm-3m'),
('14035', '5021', 'Pm-3m'),
('5578', '5023', 'Fm-3m'),
('22263', '5029', 'Fm-3m'),
('29023', '5031', 'P4/mmm'),
('17406', '5033', 'Pm-3m'),
('18174', '5034', 'Pm-3m'),
('10991', '5035', 'Pm-3m'),
('17407', '5036', 'Pm-3m'),
('17663', '5037', 'Pm-3m'),
('20737', '5038', 'F-43m'),
('10480', '5039', 'Pm-3m'),
('10736', '5040', 'Pm-3m'),
('18176', '5041', 'Pm-3m'),
('2562', '5057', 'P63/mmc'),
('12065', '5073', 'Fm-3m'),
('12074', '5080', 'Fm-3m'),
('4672', '5084', 'I4/mmm'),
('8159', '5092', 'Fm-3m'),
('17655', '5093', 'Pm-3m'),
('8166', '5095', 'Fm-3m'),
('8167', '5096', 'Fm-3m'),
('29029', '5099', 'Pm-3m'),
('30309', '5100', 'Pm-3m'),
('5613', '5101', 'Fm-3m'),
('9972', '5103', 'Pm-3m'),
('10997', '5105', 'P4/mmm'),
('17413', '5108', 'Pm-3m'),
('1797', '5115', 'Fm-3m'),
('12067', '5129', 'Fm-3m'),
('12069', '5130', 'Fm-3m'),
('12070', '5131', 'Fm-3m'),
('12073', '5133', 'Fm-3m'),
('17557', '5139', 'Fm-3m'),
('22474', '5140', 'Fm-3m'),
('13762', '5144', 'Fm-3m'),
('14025', '5145', 'Fm-3m'),
('8154', '5146', 'Fm-3m'),
('17399', '5147', 'R-3m'),
('6117', '5149', 'Fm-3m'),
('31334', '5151', 'P4/mmm'),
('17414', '5153', 'P4/mmm'),
('29034', '5155', 'Pm-3m'),
('3084', '5174', 'P-6m2'),
('4110', '5176', 'Pm-3m'),
('18981', '5184', 'P4/mmm'),
('18988', '5187', 'I4/mmm'),
('8147', '5192', 'P63/mmc'),
('8158', '5194', 'Fm-3m'),
('7652', '5196', 'F-43m'),
('8168', '5198', 'Fm-3m'),
('8170', '5199', 'Fm-3m'),
('22530', '5200', 'Pm-3m'),
('22284', '5209', 'Pm-3m'),
('30061', '5210', 'Pm-3m'),
('22285', '5213', 'Pm-3m'),
('21518', '5214', 'P-6m2'),
('29039', '5215', 'Pm-3m'),
('22287', '5216', 'Pm-3m'),
('11005', '5218', 'Pm-3m'),
('4111', '5224', 'Pm-3m'),
('14032', '5239', 'Fm-3m'),
('8146', '5242', 'P63/mmc'),
('8173', '5248', 'Fm-3m'),
('5615', '5249', 'Fm-3m'),
('20234', '5250', 'F-43m'),
('17419', '5251', 'Pm-3m'),
('31087', '5254', 'P4/mmm'),
('17935', '5259', 'P4/mmm'),
('29043', '5261', 'Pm-3m'),
('30067', '5262', 'Pm-3m'),
('29044', '5264', 'Pm-3m'),
('10497', '5267', 'P4/mmm'),
('20242', '5271', 'Pm-3m'),
('2577', '5281', 'Fm-3m'),
('2578', '5284', 'Fm-3m'),
('2580', '5289', 'Fm-3m'),
('8117', '5295', 'Fm-3m'),
('20685', '5297', 'F-43m'),
('6116', '5304', 'Fm-3m'),
('6628', '5305', 'F-43m'),
('13807', '5308', 'C2/m'),
('17670', '5310', 'P4/mmm'),
('21515', '5311', 'P-6m2'),
('20235', '5312', 'F-43m'),
('17676', '5313', 'P4/mmm'),
('31091', '5315', 'P4/mmm'),
('17424', '5316', 'Pm-3m'),
('19476', '5317', 'Pm-3m'),
('17429', '5318', 'Pm-3m'),
('17686', '5320', 'Pm-3m'),
('9226', '5322', 'P63/mmc'),
('5404', '5336', 'Fm-3m'),
('10930', '5349', 'Fm-3m'),
('8121', '5351', 'Fm-3m'),
('18905', '5352', 'Fm-3m'),
('6119', '5355', 'F-43m'),
('21508', '5362', 'F-43m'),
('31079', '5364', 'P4/mmm'),
('11508', '5366', 'Fm-3m'),
('22537', '5368', 'F-43m'),
('21516', '5370', 'P-6m2'),
('29816', '5371', 'Pm-3m'),
('17432', '5372', 'Pm-3m'),
('17944', '5374', 'Pm-3m'),
('11019', '5375', 'Pm-3m'),
('5664', '5381', 'F-43m'),
('4641', '5390', 'F-43m'),
('12068', '5399', 'Fm-3m'),
('8171', '5405', 'Fm-3m'),
('21510', '5411', 'Pm-3m'),
('21517', '5414', 'P-6m2'),
('30063', '5415', 'P4/mmm'),
('18193', '5418', 'Pm-3m'),
('30843', '5419', 'P4/mmm'),
('9225', '5420', 'P63/mmc'),
('17436', '5422', 'P4/mmm'),
('11022', '5424', 'Pm-3m'),
('8169', '5446', 'Fm-3m'),
('11510', '5447', 'Pm-3m'),
('18721', '5449', 'P4/mmm'),
('4138', '5459', 'Fm-3m'),
('5677', '5461', 'Pm-3m'),
('6958', '5469', 'Fm-3m'),
('5166', '5473', 'Fm-3m'),
('4656', '5477', 'F-43m'),
('5426', '5483', 'Fm-3m'),
('5427', '5488', 'Fm-3m'),
('8157', '5497', 'Fm-3m'),
('17671', '5498', 'Pm-3m'),
('11000', '5499', 'Pm-3m'),
('30060', '5501', 'Fm-3m'),
('17168', '5503', 'P4/mmm'),
('17680', '5504', 'P4/mmm'),
('11012', '5505', 'Pm-3m'),
('6913', '5506', 'Fm-3m'),
('29826', '5507', 'Pm-3m'),
('17441', '5508', 'Pm-3m'),
('10516', '5509', 'Pm-3m'),
('17700', '5510', 'Pm-3m'),
('17446', '5511', 'Pm-3m'),
('4149', '5523', 'Fm-3m'),
('4150', '5529', 'Fm-3m'),
('5176', '5535', 'Fm-3m'),
('22268', '5539', 'F-43m'),
('11511', '5541', 'Pm-3m'),
('11512', '5543', 'Pm-3m'),
('17685', '5550', 'P4/mmm'),
('5632', '5551', 'Fm-3m'),
('8206', '5557', 'R-3m'),
('10777', '5558', 'Pm-3m'),
('5177', '5560', 'Fm-3m'),
('7484', '5566', 'Fm-3m'),
('5179', '5572', 'Fm-3m'),
('5181', '5581', 'Fm-3m'),
('6974', '5582', 'Fm-3m'),
('8001', '5584', 'R3m'),
('12071', '5587', 'Fm-3m'),
('12072', '5588', 'Fm-3m'),
('14029', '5590', 'Fm-3m'),
('5611', '5593', 'P4/mmm'),
('21513', '5594', 'P-6m2'),
('8182', '5595', 'P-6m2'),
('11514', '5596', 'Pm-3m'),
('29551', '5597', 'Fm-3m'),
('21520', '5598', 'F-43m'),
('17427', '5600', 'Pm-3m'),
('22298', '5602', 'Pm-3m'),
('17187', '5605', 'Pm-3m'),
('21289', '5606', 'P4/mmm'),
('29834', '5607', 'Pm-3m'),
('20780', '5609', 'Pm-3m'),
('8480', '5611', 'Pm-3m'),
('5182', '5615', 'Fm-3m'),
('6975', '5617', 'Fm-3m'),
('4671', '5626', 'Fm-3m'),
('5183', '5628', 'Fm-3m'),
('18160', '5630', 'Fm-3m'),
('10940', '5636', 'Fm-3m'),
('8383', '5637', 'Fm-3m'),
('8389', '5638', 'Fm-3m'),
('6095', '5639', 'Fm-3m'),
('10965', '5640', 'Pm-3m'),
('30819', '5641', 'Fm-3m'),
('11505', '5642', 'Fm-3m'),
('21509', '5643', 'Fm-3m'),
('5616', '5645', 'Fmmm'),
('22308', '5652', 'P-6m2'),
('17457', '5654', 'Pm-3m'),
('17970', '5655', 'Pm-3m'),
('8112', '5690', 'Fm-3m'),
('5834', '5693', 'Fm-3m'),
('6118', '5695', 'F-43m'),
('11509', '5697', 'Pm-3m'),
('30058', '5698', 'Fm-3m'),
('21514', '5699', 'P-6m2'),
('11517', '5703', 'Fm-3m'),
('17425', '5704', 'P4/mmm'),
('7682', '5705', 'Imma'),
('8196', '5706', 'P63/mmc'),
('9221', '5707', 'P63/mmc'),
('22306', '5710', 'P-6m2'),
('31121', '5712', 'Pm-3m'),
('31126', '5714', 'Pm-3m'),
('17460', '5715', 'Pm-3m'),
('4163', '5722', 'Fm-3m'),
('12066', '5727', 'Fm-3m'),
('17861', '5729', 'F-43m'),
('13795', '5731', 'Fm-3m'),
('4568', '5732', 'Fm-3m'),
('7651', '5734', 'Fd-3m'),
('8172', '5735', 'Fm-3m'),
('22305', '5737', 'Pm-3m'),
('17454', '5740', 'Pm-3m'),
('30357', '5744', 'P4/mmm'),
('10789', '5745', 'Pm-3m'),
('5151', '5746', 'Pm-3m'),
('10793', '5748', 'Pm-3m'),
('20282', '5749', 'Pm-3m'),
('20241', '5767', 'Fm-3m'),
('17439', '5773', 'Pm-3m'),
('30618', '5779', 'P4/mmm'),
('17207', '5780', 'Pm-3m'),
('20281', '5781', 'Pm-3m'),
('17467', '5784', 'Pm-3m'),
('17980', '5785', 'Pm-3m'),
('30370', '5787', 'P4/mmm'),
('10544', '5789', 'Pm-3m'),
('11312', '5790', 'Pm-3m'),
('17987', '5791', 'Pm-3m'),
('10550', '5792', 'Pm-3m'),
('10817', '5793', 'Pm-3m'),
('31106', '5810', 'Fm-3m'),
('10963', '5811', 'Fm-3m'),
('6096', '5812', 'Fm-3m'),
('14050', '5813', 'Fm-3m'),
('18158', '5814', 'Fm-3m'),
('5081', '5815', 'Fm-3m'),
('20743', '5820', 'F-43m'),
('20744', '5821', 'Fm-3m'),
('28037', '5826', 'Fm-3m'),
('17443', '5827', 'Pm-3m'),
('4108', '5828', 'Fm-3m'),
('17448', '5830', 'P4/mmm'),
('17197', '5831', 'P4/mmm'),
('17459', '5832', 'Pm-3m'),
('17492', '5833', 'Pm-3m'),
('5709', '5836', 'F-43m'),
('7247', '5847', 'P63/mmc'),
('7248', '5852', 'P63/mmc'),
('5714', '5858', 'Fd-3m'),
('18159', '5860', 'Fm-3m'),
('22281', '5862', 'Fm-3m'),
('20243', '5863', 'P-6m2'),
('22304', '5864', 'Fm-3m'),
('17212', '5867', 'Pm-3m'),
('8235', '5869', 'F-43m'),
('10797', '5870', 'Pm-3m');
INSERT INTO `SpaceGroup1K` (`entry_id`, `calculation_id`, `spacegroup`) VALUES
('30881', '5872', 'P4/mmm'),
('10542', '5873', 'Pm-3m'),
('10799', '5875', 'Pm-3m'),
('17474', '5876', 'Pm-3m'),
('29867', '5878', 'Pm-3m'),
('17746', '5880', 'P4/mmm'),
('6836', '5914', 'Fmmm'),
('6100', '5916', 'Fm-3m'),
('11507', '5918', 'Fm-3m'),
('17170', '5919', 'P4/mmm'),
('10775', '5920', 'Pm-3m'),
('11031', '5921', 'Pm-3m'),
('18741', '5923', 'Pm-3m'),
('21569', '5925', 'P-6m2'),
('30632', '5926', 'P4/mmm'),
('17989', '5927', 'P4/mmm'),
('17479', '5928', 'Pm-3m'),
('29100', '5929', 'Pm-3m'),
('29868', '5930', 'Pm-3m'),
('17481', '5931', 'Pm-3m'),
('10810', '5932', 'Pm-3m'),
('17995', '5933', 'Pm-3m'),
('10813', '5937', 'Pm-3m'),
('4949', '5943', 'Fm-3m'),
('3670', '5955', 'I4mm'),
('3671', '5958', 'I4mm'),
('17750', '5970', 'Pm-3m'),
('18015', '5972', 'Pm-3m'),
('30774', '5978', 'P63/mmc'),
('8161', '5980', 'Fm-3m'),
('11516', '5984', 'Fm-3m'),
('13825', '5985', 'I4/mmm'),
('21519', '5986', 'F-43m'),
('17422', '5987', 'P4/mmm'),
('19509', '5993', 'Fm-3m'),
('31332', '6004', 'Fm-3m'),
('17677', '6006', 'Pm-3m'),
('11013', '6008', 'P4/mmm'),
('3679', '6014', 'Fm-3m'),
('30376', '6023', 'Pm-3m'),
('21321', '6024', 'F-43m'),
('17225', '6025', 'P4/mmm'),
('7479', '6027', 'Imma'),
('10558', '6030', 'Pm-3m'),
('17486', '6031', 'Pm-3m'),
('10561', '6032', 'Pm-3m'),
('5180', '6033', 'Fm-3m'),
('4707', '6039', 'Fm-3m'),
('21307', '6043', 'Pm-3m'),
('21563', '6044', 'Fm-3m'),
('3685', '6049', 'Fm-3m'),
('17703', '6050', 'Pm-3m'),
('7452', '6051', 'F-43m'),
('30616', '6054', 'P4/mmm'),
('30631', '6057', 'P4/mmm'),
('7523', '6062', 'F-43m'),
('3682', '6068', 'Fm-3m'),
('3683', '6069', 'Fm-3m'),
('5736', '6073', 'Fm-3m'),
('21324', '6076', 'Fm-3m'),
('6924', '6084', 'Fm-3m'),
('4109', '6085', 'Fm-3m'),
('17490', '6087', 'P-6m2'),
('10823', '6088', 'Pm-3m'),
('5734', '6091', 'Fm-3m'),
('3684', '6094', 'Fm-3m'),
('5735', '6095', 'Fm-3m'),
('3686', '6097', 'Fm-3m'),
('8120', '6100', 'Fm-3m'),
('4567', '6105', 'Fm-3m'),
('17421', '6113', 'P4/mmm'),
('20240', '6114', 'F-43m'),
('1897', '6116', 'Fm-3m'),
('1898', '6119', 'Fm-3m'),
('17215', '6121', 'P4/mmm'),
('4151', '6122', 'Fm-3m'),
('17751', '6123', 'P4/mmm'),
('12625', '6124', 'Fm-3m'),
('18797', '6126', 'Pm-3m'),
('5737', '6127', 'Fm-3m'),
('5738', '6128', 'Fm-3m'),
('30095', '6145', 'P4/mmm'),
('21322', '6147', 'Fm-3m'),
('4657', '6148', 'F-43m'),
('10822', '6150', 'Pm-3m'),
('5236', '6154', 'Fm-3m'),
('6097', '6158', 'Fm-3m'),
('18979', '6159', 'I41/amd'),
('22310', '6160', 'F-43m'),
('22313', '6161', 'F-43m'),
('5686', '6162', 'Fm-3m'),
('8487', '6165', 'Pm-3m'),
('21323', '6166', 'Fm-3m'),
('30124', '6167', 'P4/mmm'),
('21326', '6168', 'Fm-3m'),
('22360', '6169', 'P-6m2'),
('7540', '6176', 'I4/mmm'),
('29026', '6190', 'Fm-3m'),
('18199', '6194', 'Fm-3m'),
('14102', '6198', 'Fm-3m'),
('21332', '6200', 'F-43m'),
('17780', '6203', 'Pm-3m'),
('8051', '6210', 'I-4m2'),
('18488', '6222', 'P4mm'),
('21327', '6223', 'Fm-3m'),
('13637', '6224', 'P-6m2'),
('17496', '6226', 'P4/mmm'),
('5242', '6231', 'Fm-3m'),
('8472', '6235', 'F-43m'),
('28054', '6236', 'Fm-3m'),
('10539', '6239', 'Pm-3m'),
('11589', '6241', 'Fm-3m'),
('10576', '6242', 'Pm-3m'),
('10087', '6245', 'Fm-3m'),
('29922', '6246', 'Pm-3m'),
('21308', '6249', 'Pm-3m'),
('8239', '6251', 'Fm-3m'),
('5695', '6253', 'Fm-3m'),
('17500', '6254', 'P4/mmm'),
('5238', '6256', 'Fm-3m'),
('14105', '6258', 'Fm-3m'),
('20836', '6261', 'Pm-3m'),
('4708', '6262', 'F-43m'),
('5239', '6288', 'Fm-3m'),
('20089', '6291', 'Pm-3m'),
('6099', '6292', 'Fm-3m'),
('10969', '6293', 'Fm-3m'),
('6101', '6294', 'Fm-3m'),
('10971', '6296', 'Fm-3m'),
('21522', '6298', 'F-43m'),
('21330', '6300', 'F-43m'),
('21338', '6301', 'F-43m'),
('8519', '6302', 'P63/mmc'),
('17248', '6303', 'Pm-3m'),
('18785', '6305', 'Pm-3m'),
('30405', '6306', 'Pm-3m'),
('18050', '6310', 'Pm-3m'),
('17795', '6311', 'Pm-3m'),
('22410', '6312', 'Pm-3m'),
('30778', '6320', 'Fm-3m'),
('8394', '6321', 'P63/mmc'),
('10957', '6322', 'Fm-3m'),
('20522', '6327', 'Pm-3m'),
('27280', '6328', 'R-3m'),
('21325', '6329', 'Fm-3m'),
('20565', '6330', 'Fm-3m'),
('10573', '6332', 'Pm-3m'),
('13907', '6333', 'P-6m2'),
('22370', '6334', 'Fm-3m'),
('20837', '6335', 'Pm-3m'),
('18788', '6337', 'Pm-3m'),
('5241', '6343', 'Fm-3m'),
('4731', '6349', 'F-43m'),
('8113', '6351', 'Fm-3m'),
('8384', '6352', 'Fm-3m'),
('22368', '6356', 'F-43m'),
('10323', '6358', 'Pm-3m'),
('30152', '6359', 'Pm-3m'),
('17512', '6360', 'Pm-3m'),
('8063', '6365', 'Fm-3m'),
('18987', '6374', 'Immm'),
('8273', '6377', 'Fm-3m'),
('29642', '6378', 'Pm-3m'),
('8506', '6384', 'Fm-3m'),
('6098', '6415', 'Fm-3m'),
('5614', '6416', 'Fmmm'),
('10840', '6419', 'Pm-3m'),
('18025', '6422', 'P4/mmm'),
('17522', '6427', 'P4/mmm'),
('20622', '6429', 'Cm'),
('10365', '6430', 'Pm-3m'),
('5771', '6433', 'Fm-3m'),
('7823', '6445', 'P4/mmm'),
('8079', '6446', 'P63/mmc'),
('8080', '6450', 'Pm-3m'),
('11321', '6458', 'Fm-3m'),
('17484', '6459', 'Pm-3m'),
('21331', '6460', 'F-43m'),
('12378', '6463', 'Fd-3m'),
('10846', '6465', 'Pm-3m'),
('30932', '6466', 'P4/mmm'),
('17525', '6467', 'Pm-3m'),
('18038', '6469', 'Pm-3m'),
('30426', '6470', 'Pm-3m'),
('4497', '6472', 'F-43m'),
('4498', '6484', 'F-43m'),
('6293', '6489', 'Pm-3m'),
('9295', '6492', 'P63/mmc'),
('21337', '6494', 'F-43m'),
('14013', '6501', 'Fm-3m'),
('11506', '6502', 'Fm-3m'),
('6296', '6504', 'Fm-3m'),
('8091', '6505', 'Pm-3m'),
('22276', '6506', 'F-43m'),
('21521', '6508', 'F-43m'),
('22303', '6510', 'F-43m'),
('10077', '6515', 'Fm-3m'),
('17776', '6516', 'Pm-3m'),
('18036', '6517', 'P4/mmm'),
('17530', '6519', 'P4/mmm'),
('10623', '6522', 'Pm-3m'),
('8254', '6528', 'Fm-3m'),
('17297', '6529', 'Pm-3m'),
('10375', '6531', 'Pm-3m'),
('18839', '6532', 'Pm-3m'),
('18073', '6533', 'Pm-3m'),
('17306', '6534', 'P4/mmm'),
('27646', '6535', 'P4/mmm'),
('29950', '6536', 'P4/mmm'),
('31231', '6537', 'Pm-3m'),
('10894', '6538', 'Pm-3m'),
('7826', '6540', 'P4/mmm'),
('8507', '6543', 'Fm-3m'),
('17538', '6544', 'Pm-3m'),
('4248', '6546', 'C2/c'),
('22314', '6551', 'Fm-3m'),
('10632', '6553', 'Pm-3m'),
('29957', '6554', 'Pm-3m'),
('3735', '6559', 'Fm-3m'),
('21309', '6563', 'F-43m'),
('8252', '6564', 'Pmm2'),
('5178', '6565', 'Fm-3m'),
('21334', '6566', 'F-43m'),
('10066', '6567', 'Fm-3m'),
('8281', '6570', 'Pm-3m'),
('30434', '6573', 'Pm-3m'),
('17536', '6574', 'Pm-3m'),
('5995', '6575', 'Pm-3m'),
('13691', '6576', 'F-43m'),
('9288', '6579', 'P63/mmc'),
('18044', '6581', 'Pm-3m'),
('27877', '6582', 'P4/mmm'),
('10867', '6583', 'Pm-3m'),
('17541', '6584', 'Pm-3m'),
('21113', '6587', 'Fm-3m'),
('17788', '6588', 'P4/mmm'),
('18067', '6589', 'Pm-3m'),
('10125', '6591', 'P63/mmc'),
('10639', '6592', 'Pm-3m'),
('30950', '6597', 'P4/mmm'),
('10359', '6598', 'Pm-3m'),
('10936', '6600', 'Fm-3m'),
('5822', '6601', 'R3m'),
('18457', '6604', 'Fm-3m'),
('18458', '6605', 'Fm-3m'),
('23862', '6606', 'Pm-3m'),
('11024', '6607', 'Pm-3m'),
('11301', '6608', 'Fm-3m'),
('8484', '6609', 'Pm-3m'),
('21329', '6625', 'F-43m'),
('30413', '6628', 'Fm-3m'),
('30414', '6629', 'Fm-3m'),
('9319', '6633', 'P63/mmc'),
('1949', '6640', 'Fm-3m'),
('10280', '6643', 'Fm-3m'),
('21336', '6644', 'F-43m'),
('8272', '6645', 'Fm-3m'),
('30156', '6646', 'Pm-3m'),
('7771', '6647', 'Fm-3m'),
('18818', '6648', 'Pm-3m'),
('19332', '6649', 'Pm-3m'),
('19333', '6650', 'Pm-3m'),
('18054', '6651', 'Pm-3m'),
('21386', '6652', 'Fm-3m'),
('11128', '6653', 'Pm-3m'),
('5783', '6654', 'Fm-3m'),
('22367', '6659', 'F-43m'),
('12376', '6660', 'F-43m'),
('10361', '6661', 'Pm-3m'),
('18313', '6662', 'Pm-3m'),
('18829', '6663', 'Pm-3m'),
('19341', '6664', 'Pm-3m'),
('29686', '6665', 'Pm-3m'),
('21407', '6667', 'Pm-3m'),
('18088', '6668', 'Pm-3m'),
('21306', '6673', 'Pm-3m'),
('21335', '6675', 'F-43m'),
('8278', '6677', 'Fm-3m'),
('10879', '6678', 'Pm-3m'),
('17583', '6679', 'Pm-3m'),
('5793', '6691', 'Fmmm'),
('2466', '6692', 'F-43m'),
('8431', '6694', 'Fm-3m'),
('18454', '6695', 'I4/mmm'),
('30415', '6700', 'Fm-3m'),
('8485', '6705', 'Fm-3m'),
('10315', '6706', 'Fm-3m'),
('20574', '6707', 'Pm-3m'),
('10081', '6709', 'Fm-3m'),
('10609', '6710', 'Pm-3m'),
('18057', '6711', 'Pm-3m'),
('19339', '6712', 'P-6m2'),
('11590', '6722', 'Fm-3m'),
('8285', '6725', 'Fm-3m'),
('30423', '6726', 'Fm-3m'),
('10362', '6727', 'P4/mmm'),
('16942', '6743', 'P4/mmm'),
('20278', '6744', 'P4/mmm'),
('30151', '6745', 'Pm-3m'),
('8535', '6747', 'P63/mmc'),
('3678', '6748', 'Fm-3m'),
('7553', '6750', 'F-43m'),
('18100', '6753', 'P4/mmm'),
('28120', '6775', 'Pm-3m'),
('8090', '6780', 'Pm-3m'),
('9275', '6786', 'I4/mmm'),
('14069', '6787', 'Fm-3m'),
('8260', '6788', 'Fm-3m'),
('11602', '6789', 'Pm-3m'),
('18072', '6790', 'P4/mmm'),
('10900', '6799', 'Pm-3m'),
('22454', '6800', 'Fm-3m'),
('18717', '6808', 'P-6m2'),
('11153', '6809', 'Pm-3m'),
('31237', '6810', 'P-6m2'),
('11137', '6837', 'Pm-3m'),
('8149', '6843', 'Fm-3m'),
('21328', '6846', 'F-43m'),
('10320', '6848', 'Fm-3m'),
('8293', '6850', 'Fm-3m'),
('7552', '6853', 'F-43m'),
('18325', '6854', 'P4/mmm'),
('17558', '6855', 'Pm-3m'),
('18076', '6856', 'Pm-3m'),
('21409', '6858', 'P-6m2'),
('10896', '6860', 'Pm-3m'),
('10128', '6861', 'Pm-3m'),
('10649', '6862', 'Pm-3m'),
('10906', '6863', 'Pm-3m'),
('18090', '6864', 'Pm-3m'),
('8355', '6865', 'Pm-3m'),
('18106', '6866', 'Pm-3m'),
('1956', '6870', 'Fm-3m'),
('10672', '6873', 'Pm-3m'),
('8385', '6882', 'Fm-3m'),
('13641', '6886', 'Fm-3m'),
('8517', '6887', 'Fm-3m'),
('8269', '6889', 'Pm-3m'),
('30411', '6890', 'Fm-3m'),
('8286', '6893', 'Fm-3m'),
('11114', '6896', 'Pm-3m'),
('18819', '6897', 'Pm-3m'),
('28662', '6899', 'Pm-3m'),
('18079', '6901', 'P4/mmm'),
('18083', '6904', 'Pm-3m'),
('17063', '6905', 'P4/mmm'),
('17320', '6906', 'Pm-3m'),
('14033', '6907', 'Fm-3m'),
('21512', '6909', 'P-6m2'),
('8251', '6910', 'Imm2'),
('8295', '6916', 'Fm-3m'),
('5237', '6918', 'Fm-3m'),
('17314', '6919', 'P4/mmm'),
('30990', '6923', 'P4/mmm'),
('17067', '6925', 'Pm-3m'),
('11166', '6927', 'Fm-3m'),
('18097', '6929', 'Pm-3m'),
('10673', '6930', 'P4/mmm'),
('5809', '6935', 'P6/mmm'),
('22432', '6945', 'P-6m2'),
('11159', '6946', 'Pm-3m'),
('18099', '6948', 'Pm-3m'),
('3258', '6956', 'P-3m1'),
('18759', '6981', 'Fm-3m'),
('7551', '6984', 'F-43m'),
('19093', '6985', 'Pm-3m'),
('18867', '6987', 'Pm-3m'),
('22456', '6988', 'Fm-3m'),
('17895', '7003', 'Fm-3m'),
('8294', '7005', 'Fm-3m'),
('30994', '7008', 'P4/mmm'),
('30230', '7010', 'P4/mmm'),
('18101', '7011', 'Pm-3m'),
('17590', '7012', 'Pm-3m'),
('17591', '7013', 'R-3m'),
('17596', '7014', 'Pm-3m'),
('5240', '7024', 'Fm-3m'),
('10370', '7025', 'Pmm2'),
('17064', '7026', 'P4/mmm'),
('8089', '7027', 'Fm-3m'),
('17838', '7028', 'Pm-3m'),
('18094', '7029', 'P4/mmm'),
('18869', '7030', 'Pm-3m'),
('11177', '7031', 'Pm-3m'),
('10164', '7032', 'P-6m2'),
('2587', '7040', 'I4/mmm'),
('10381', '7041', 'Pm-3m'),
('8279', '7053', 'Fm-3m'),
('22430', '7055', 'F-43m'),
('17321', '7056', 'P4/mmm'),
('17580', '7057', 'Pm-3m'),
('11171', '7058', 'Pm-3m'),
('10665', '7060', 'Pm-3m'),
('18111', '7062', 'Pm-3m'),
('29989', '7063', 'Pm-3m'),
('17053', '7079', 'P4/mmm'),
('10660', '7080', 'Pm-3m'),
('14796', '7101', 'R-3m'),
('21497', '7103', 'Fm-3m'),
('18755', '7107', 'Pm-3m'),
('8270', '7109', 'Fm-3m'),
('16746', '7110', 'P4/mmm'),
('19092', '7111', 'Pm-3m'),
('10662', '7112', 'Pm-3m'),
('30236', '7113', 'P4/mmm'),
('10667', '7115', 'Pm-3m'),
('17597', '7117', 'P-6m2'),
('13939', '7130', 'Fm-3m'),
('30745', '7134', 'P4/mmm'),
('5808', '7135', 'P6/mmm'),
('14011', '7136', 'P-6m2'),
('18312', '7140', 'Fm-3m'),
('30158', '7144', 'P63/mmc'),
('22455', '7148', 'Fm-3m'),
('13741', '7162', 'P-6m2'),
('10173', '7166', 'Imma'),
('30736', '7170', 'P4/mmm'),
('17600', '7172', 'P-6m2'),
('3814', '7183', 'R3m'),
('18776', '7191', 'Fm-3m'),
('22433', '7193', 'Fm-3m'),
('16037', '7195', 'P4/mmm'),
('30751', '7197', 'P4/mmm'),
('5805', '7199', 'P6/mmm'),
('20934', '7200', 'P6mm'),
('30247', '7201', 'P4/mmm'),
('30750', '7208', 'P4/mmm'),
('20394', '7231', 'Pm-3m'),
('18374', '7243', 'P6/mmm'),
('8477', '7245', 'Fm-3m'),
('31001', '7253', 'Pm-3m'),
('16721', '7255', 'Imma'),
('10401', '7257', 'Pm-3m'),
('10103', '7259', 'Fm-3m'),
('10426', '7262', 'I4/mmm'),
('8282', '7263', 'Fm-3m'),
('17603', '7268', 'P6/mmm'),
('5807', '7269', 'P6/mmm'),
('20679', '7274', 'Fm-3m'),
('10165', '7275', 'P-6m2'),
('11175', '7279', 'Pm-3m'),
('18110', '7280', 'P4/mmm'),
('18378', '7281', 'P4/mmm'),
('8265', '7296', 'Fm-3m'),
('18789', '7297', 'Pmm2'),
('8297', '7298', 'Fm-3m'),
('10102', '7302', 'Fm-3m'),
('18319', '7304', 'Fm-3m'),
('5806', '7314', 'P6/mmm'),
('20929', '7320', 'Pm-3m'),
('10688', '7323', 'I4/mmm'),
('16038', '7327', 'P4/mmm'),
('13946', '7337', 'Fm-3m'),
('22450', '7338', 'P4/mmm'),
('13677', '7352', 'Fm-3m'),
('11906', '7353', 'Fm-3m'),
('22369', '7358', 'Fm-3m'),
('18322', '7362', 'Fm-3m'),
('18105', '7363', 'Fm-3m'),
('13743', '7364', 'P-6m2'),
('18108', '7365', 'Fm-3m'),
('15297', '7393', 'R3m'),
('10693', '7395', 'P6/mmm'),
('8179', '7398', 'P6/mmm'),
('17637', '7403', 'Fm-3m'),
('5847', '7404', 'P6/mmm'),
('17649', '7405', 'Fm-3m'),
('5087', '7406', 'P6/mmm'),
('4570', '7418', 'Fm-3m'),
('5848', '7419', 'P6/mmm'),
('20081', '7425', 'Fm-3m'),
('5539', '7427', 'I4/mmm'),
('14047', '7428', 'P-3m1'),
('3580', '7429', 'F-43m'),
('21461', '7450', 'P-3m1'),
('7530', '7476', 'F-43m'),
('14010', '7484', 'P-6m2'),
('13703', '7490', 'Fm-3m'),
('31022', '7493', 'I4/mmm'),
('17653', '7494', 'Fm-3m'),
('8428', '7495', 'P6/mmm'),
('11966', '7507', 'Fm-3m'),
('22228', '7524', 'Fm-3m'),
('29771', '7526', 'Fm-3m'),
('21472', '7537', 'Fm-3m'),
('14048', '7539', 'R3m'),
('12787', '7540', 'I4/mmm'),
('18102', '7544', 'Fm-3m'),
('28939', '7552', 'Fm-3m'),
('19195', '7556', 'P6/mmm'),
('8476', '7564', 'P6/mmm'),
('8221', '7566', 'P6/mmm'),
('10934', '7591', 'F-43m'),
('10648', '7603', 'P4/mmm'),
('20395', '7604', 'F-43m'),
('8088', '7605', 'R-3m'),
('30512', '7607', 'I4/mmm'),
('6332', '7608', 'R-3m'),
('10968', '7612', 'P6/mmm'),
('8473', '7613', 'P6/mmm');


INSERT INTO `FormationEnergy1K` (`entry_id`, `calculation_id`, `delta_e`) VALUES
('25672', '1352933', -1.60894),
('1216058', '2454', 0.0125899),
('1216098', '2689', 0.00639353),
('4698', '3346', 0.00013712),
('8130', '3588', 0.131232),
('8132', '3592', 0.126086),
('8203', '3612', 0.00273523),
('7503', '3619', 0.258494),
('8533', '3620', 0.00072037),
('7517', '3624', 0.242257),
('8082', '3629', 0),
('8086', '3637', 0),
('8100', '3638', 0.00078878),
('12054', '3681', 0.20662),
('8500', '3697', 0.000309365),
('7514', '3721', 0),
('9566', '3723', 0.141404),
('9320', '3726', 0.0796309),
('10106', '3729', 0.142871),
('8586', '3732', 0.138944),
('17350', '3749', 0.144857),
('12055', '3763', 0.309144),
('16720', '3788', 0.132208),
('7513', '3794', 0.110752),
('7521', '3798', 0),
('17319', '3804', 0.146084),
('22514', '3829', 0.00035509),
('22516', '3833', 0.0907973),
('7505', '3845', 0.161452),
('7512', '3847', 0.0685294),
('7519', '3849', 0.0620481),
('7522', '3853', 0),
('6321', '3859', -2.10616),
('5810', '3861', 0.106576),
('18114', '3908', -0.327448),
('22472', '3911', 0.53432),
('8391', '3976', 0.274825),
('7509', '3977', 0.0396869),
('7520', '3980', 0.136493),
('17859', '3981', -0.262073),
('10676', '3983', 0.069534),
('17860', '3984', -0.249743),
('6320', '3986', -1.67985),
('10678', '3987', -0.350774),
('17352', '3991', -0.439348),
('10681', '3992', -0.343094),
('10937', '3994', -0.387425),
('21452', '3995', 0.144659),
('17610', '3997', -0.233202),
('10683', '3998', -0.429266),
('18891', '3999', -0.399049),
('17612', '4001', -0.0441488),
('19149', '4003', -0.0137219),
('17360', '4004', -0.337539),
('4566', '4007', -0.208229),
('8134', '4044', 0.00552397),
('8138', '4047', 0),
('31044', '4049', 0.0433077),
('8144', '4050', 0),
('8520', '4060', 0.00535497),
('3925', '4064', 0.0112921),
('13761', '4069', -1.25385),
('30000', '4071', -0.887234),
('18895', '4073', -0.311093),
('8143', '4075', 0.00104637),
('7648', '4076', -2.04363),
('7649', '4086', -1.66066),
('8390', '4108', 0.114333),
('9214', '4113', 0.315362),
('12056', '4117', 0.320075),
('9277', '4136', 0.168443),
('9287', '4137', 0.536882),
('28966', '4153', -0.530551),
('30508', '4154', -0.0662705),
('31023', '4158', -0.767789),
('31025', '4160', -0.360045),
('31283', '4161', -0.0527719),
('10944', '4162', -0.366483),
('30004', '4164', -0.0665642),
('8386', '4165', -0.539797),
('18984', '4183', 0.307863),
('13862', '4191', 0.00102457),
('20540', '4200', 0.132543),
('20541', '4201', 0.132543),
('8534', '4208', 0.00305485),
('8568', '4213', 0),
('13705', '4220', 0.443724),
('8597', '4222', 0.0288302),
('17585', '4224', 0.00337199),
('19150', '4236', -0.0129459),
('30264', '4237', -0.124238),
('31032', '4239', -0.282995),
('22272', '4247', 0.343545),
('18780', '4258', 0.227599),
('13650', '4260', 0.145153),
('9316', '4265', 0.0317803),
('5499', '4267', 1.18766),
('5517', '4268', 1.19774),
('21449', '4274', -0.282521),
('8118', '4276', -1.52807),
('21453', '4278', 0.718864),
('8122', '4280', -1.72191),
('18131', '4281', 0.023257),
('17621', '4283', -0.971832),
('18903', '4284', -0.536498),
('18904', '4286', 0.302794),
('17625', '4289', -1.01333),
('20443', '4291', 0.0174154),
('17627', '4295', -0.450737),
('18140', '4297', -0.427958),
('8139', '4299', 0.0170585),
('17629', '4306', -0.355226),
('17630', '4308', -0.114858),
('8141', '4310', 0.00294909),
('19423', '4314', -0.449193),
('22242', '4316', -0.988541),
('6318', '4333', -0.246103),
('17349', '4337', 0.012259),
('18896', '4340', -0.310025),
('18136', '4342', -0.720321),
('30785', '4346', -0.410521),
('19422', '4352', -0.22633),
('8142', '4353', 0.00009971),
('22243', '4357', -1.05655),
('28740', '4358', -0.3876),
('10705', '4359', -0.179908),
('18145', '4361', -0.501043),
('27974', '4363', -0.435995),
('8145', '4366', 0.00138838),
('17380', '4368', -0.708118),
('18148', '4370', -0.023228),
('28744', '4372', -0.366611),
('30536', '4374', -0.00718433),
('30025', '4376', -0.931356),
('17638', '4378', -0.744475),
('10711', '4382', -0.320393),
('10712', '4388', -0.27691),
('17640', '4390', -0.119384),
('18152', '4392', -0.0123909),
('18153', '4394', -0.0120051),
('17386', '4395', -0.86226),
('10715', '4398', -0.864565),
('29007', '4399', -0.304949),
('10972', '4401', -0.373641),
('9301', '4419', 0.0135588),
('22248', '4439', -0.0657903),
('18156', '4441', -0.526868),
('17389', '4442', -0.812477),
('18157', '4443', -0.365396),
('8156', '4445', -0.822247),
('17646', '4446', -0.476044),
('20463', '4448', -0.12278),
('20464', '4452', -0.111143),
('20721', '4453', -0.243948),
('10720', '4456', -0.885063),
('17392', '4458', -0.482266),
('17904', '4460', -0.735973),
('20465', '4461', -0.0990956),
('20466', '4463', -0.0927261),
('17650', '4464', -0.104368),
('17906', '4466', -0.527704),
('18674', '4468', -0.389183),
('20467', '4469', -0.0665711),
('22309', '4478', 0.37549),
('12059', '4483', 0.329782),
('9297', '4491', 0.0827653),
('22473', '4495', 0.433607),
('8119', '4498', -1.11664),
('20684', '4500', -0.932217),
('22262', '4505', 0.389169),
('29784', '4509', -0.276469),
('30040', '4511', -0.935677),
('17397', '4512', -0.451316),
('22264', '4514', 0.568325),
('12057', '4536', 0.304207),
('12058', '4537', 0.313932),
('10325', '4546', 0.171544),
('10105', '4549', 0.019484),
('14014', '4554', -0.1691),
('8123', '4556', -1.24385),
('4543', '4559', -0.182984),
('11469', '4561', -0.673436),
('29003', '4563', -0.333069),
('20469', '4566', 0.893523),
('5497', '4601', 1.18768),
('4523', '4610', -0.248713),
('22475', '4611', 0.765138),
('17907', '4625', -1.61907),
('29018', '4627', -0.418949),
('10182', '4659', -0.617803),
('9672', '4660', 0),
('10445', '4664', -0.395508),
('14034', '4665', -0.429746),
('30534', '4668', -0.14274),
('29013', '4672', -0.32667),
('8162', '4674', -1.54241),
('22476', '4692', 1.2496),
('17353', '4694', -0.469457),
('22221', '4696', 1.10668),
('17383', '4710', -0.982982),
('8155', '4714', -1.2116),
('8115', '4734', 0.023749),
('18147', '4742', -0.980509),
('30535', '4744', 0.0785405),
('30537', '4749', -0.140154),
('17898', '4752', -2.52231),
('14052', '4755', -1.34831),
('8163', '4761', -1.16521),
('21451', '4787', -0.0076204),
('30533', '4788', 0.234145),
('13784', '4789', -1.03673),
('14051', '4792', -1.19753),
('20468', '4794', 0.347587),
('4578', '4802', -0.349269),
('10729', '4804', -0.839998),
('17657', '4805', 0.243048),
('18169', '4806', -0.287715),
('10986', '4807', -0.533782),
('17402', '4808', -0.466645),
('12061', '4844', 0.307363),
('12062', '4845', 0.317994),
('12064', '4847', 0.335427),
('8165', '4866', -1.13506),
('4579', '4870', -0.358397),
('17404', '4871', -0.347599),
('17660', '4873', -0.0342188),
('18172', '4874', -0.372959),
('3311', '4880', -0.173991),
('18967', '4904', 0.0243249),
('19480', '4905', 0.100074),
('12060', '4907', 0.300986),
('12063', '4908', 0.331719),
('8164', '4918', -1.53561),
('17661', '4919', -0.0567627),
('5624', '4944', -2.29508),
('5625', '4948', -2.07249),
('5626', '4955', -2.31352),
('4177', '4961', 0.030611),
('14036', '4964', -0.180984),
('29020', '4966', -0.32599),
('29022', '4967', -0.323784),
('5627', '4976', -1.57959),
('6912', '5002', -0.437866),
('14035', '5021', -0.330549),
('5578', '5023', -2.25997),
('22263', '5029', 0.0361604),
('29023', '5031', -0.32378),
('17406', '5033', -0.434266),
('18174', '5034', -0.497092),
('10991', '5035', -0.486725),
('17407', '5036', -0.190403),
('17663', '5037', -0.109401),
('20737', '5038', -2.96038),
('10480', '5039', -0.94632),
('10736', '5040', -0.875038),
('18176', '5041', -0.353206),
('2562', '5057', 0),
('12065', '5073', 0.337412),
('12074', '5080', 0.308315),
('4672', '5084', 0.0167203),
('8159', '5092', -1.44513),
('17655', '5093', -0.0562701),
('8166', '5095', -1.2778),
('8167', '5096', -1.51824),
('29029', '5099', -0.29912),
('30309', '5100', -0.375707),
('5613', '5101', 0.72048),
('9972', '5103', -0.585042),
('10997', '5105', -0.530219),
('17413', '5108', 0.36427),
('1797', '5115', -0.972484),
('12067', '5129', 0.297622),
('12069', '5130', 0.301137),
('12070', '5131', 0.302994),
('12073', '5133', 0.306961),
('17557', '5139', 0.0128823),
('22474', '5140', 1.27094),
('13762', '5144', -0.950523),
('14025', '5145', -1.73043),
('8154', '5146', -1.40931),
('17399', '5147', 0.0394401),
('6117', '5149', 0.0138199),
('31334', '5151', -0.24032),
('17414', '5153', 0.364252),
('29034', '5155', -0.324796),
('3084', '5174', -0.125659),
('4110', '5176', -2.10517),
('18981', '5184', 0.385971),
('18988', '5187', 0.103233),
('8147', '5192', 0.000665275),
('8158', '5194', -1.82562),
('7652', '5196', -0.956002),
('8168', '5198', -1.09633),
('8170', '5199', -1.50264),
('22530', '5200', -0.254073),
('22284', '5209', 0.416841),
('30061', '5210', -0.307504),
('22285', '5213', -0.898907),
('21518', '5214', 2.24081),
('29039', '5215', -0.315895),
('22287', '5216', -0.0655237),
('11005', '5218', -0.452265),
('4111', '5224', -1.92283),
('14032', '5239', -1.45754),
('8146', '5242', 0),
('8173', '5248', -2.05211),
('5615', '5249', 0.580881),
('20234', '5250', -1.56869),
('17419', '5251', -0.444434),
('31087', '5254', 0.0232259),
('17935', '5259', -0.563821),
('29043', '5261', -0.360276),
('30067', '5262', -0.351746),
('29044', '5264', -0.419281),
('10497', '5267', -0.267636),
('20242', '5271', 0.277669),
('2577', '5281', -2.94594),
('2578', '5284', -2.03613),
('2580', '5289', -1.23937),
('8117', '5295', -1.74064),
('20685', '5297', -1.642),
('6116', '5304', -0.17636),
('6628', '5305', -0.00377387),
('13807', '5308', -1.24139),
('17670', '5310', -0.0126506),
('21515', '5311', 0.246177),
('20235', '5312', -0.8796),
('17676', '5313', -0.193653),
('31091', '5315', -0.720356),
('17424', '5316', -0.444481),
('19476', '5317', -0.352413),
('17429', '5318', -0.503041),
('17686', '5320', -0.184872),
('9226', '5322', 0.000193606),
('5404', '5336', -1.21725),
('10930', '5349', -0.918095),
('8121', '5351', -2.11875),
('18905', '5352', -1.48941),
('6119', '5355', -0.137295),
('21508', '5362', 0.945778),
('31079', '5364', -0.3803),
('11508', '5366', -1.03649),
('22537', '5368', 0.0592433),
('21516', '5370', 1.22474),
('29816', '5371', 0.0908797),
('17432', '5372', -0.120493),
('17944', '5374', -0.907404),
('11019', '5375', -0.324651),
('5664', '5381', -0.535124),
('4641', '5390', -0.736775),
('12068', '5399', 0.29902),
('8171', '5405', -1.06849),
('21510', '5411', 1.4115),
('21517', '5414', 1.55837),
('30063', '5415', -0.306175),
('18193', '5418', -0.662758),
('30843', '5419', -0.101101),
('9225', '5420', 0.00124735),
('17436', '5422', -0.0071199),
('11022', '5424', -0.321877),
('8169', '5446', -1.20824),
('11510', '5447', -1.55082),
('18721', '5449', -0.436031),
('4138', '5459', -2.01741),
('5677', '5461', -1.15673),
('6958', '5469', -1.50366),
('5166', '5473', -1.99984),
('4656', '5477', -0.248924),
('5426', '5483', -1.70728),
('5427', '5488', -1.28651),
('8157', '5497', -0.57071),
('17671', '5498', -0.0302652),
('11000', '5499', -0.688369),
('30060', '5501', -1.20824),
('17168', '5503', 0.0897797),
('17680', '5504', -0.350873),
('11012', '5505', -0.324852),
('6913', '5506', -1.79522),
('29826', '5507', -0.290914),
('17441', '5508', -0.44625),
('10516', '5509', -0.66938),
('17700', '5510', -0.284458),
('17446', '5511', -0.619811),
('4149', '5523', -0.947618),
('4150', '5529', -0.392429),
('5176', '5535', -2.01994),
('22268', '5539', 0.110588),
('11511', '5541', -1.51418),
('11512', '5543', -1.85554),
('17685', '5550', -0.168088),
('5632', '5551', -1.41558),
('8206', '5557', -1.24151),
('10777', '5558', -0.615379),
('5177', '5560', -1.78517),
('7484', '5566', -3.14988),
('5179', '5572', -0.583268),
('5181', '5581', -3.19367),
('6974', '5582', -0.568947),
('8001', '5584', -0.0862825),
('12071', '5587', 0.304192),
('12072', '5588', 0.305833),
('14029', '5590', -1.75393),
('5611', '5593', 0.162875),
('21513', '5594', -0.184368),
('8182', '5595', 0.648549),
('11514', '5596', -2.70096),
('29551', '5597', 0.0221578),
('21520', '5598', 0.4905),
('17427', '5600', -0.397764),
('22298', '5602', -2.52621),
('17187', '5605', -0.446332),
('21289', '5606', -0.55781),
('29834', '5607', -0.106489),
('20780', '5609', -1.9959),
('8480', '5611', -0.636806),
('5182', '5615', -2.94106),
('6975', '5617', -0.408236),
('4671', '5626', -1.42565),
('5183', '5628', -2.68244),
('18160', '5630', 0.00016886),
('10940', '5636', -0.750152),
('8383', '5637', -0.988323),
('8389', '5638', -1.67544),
('6095', '5639', -1.99337),
('10965', '5640', -0.550875),
('30819', '5641', -1.42528),
('11505', '5642', -1.96327),
('21509', '5643', 1.03261),
('5616', '5645', -0.340387),
('22308', '5652', -0.236791),
('17457', '5654', -0.853058),
('17970', '5655', -0.486716),
('8112', '5690', 0.21469),
('5834', '5693', 0.231853),
('6118', '5695', -0.4672),
('11509', '5697', -1.87287),
('30058', '5698', -1.20825),
('21514', '5699', -0.169007),
('11517', '5703', -1.09755),
('17425', '5704', 0.0785408),
('7682', '5705', 0.161157),
('8196', '5706', 0.000177385),
('9221', '5707', 0.274682),
('22306', '5710', 0.557986),
('31121', '5712', -0.363082),
('31126', '5714', -0.282259),
('17460', '5715', -0.0731024),
('4163', '5722', -1.05877),
('12066', '5727', 0.296069),
('17861', '5729', 0.812972),
('13795', '5731', -1.66654),
('4568', '5732', -1.41567),
('7651', '5734', 0),
('8172', '5735', -0.819582),
('22305', '5737', 1.0707),
('17454', '5740', -0.460543),
('30357', '5744', -0.503551),
('10789', '5745', -0.767247),
('5151', '5746', -2.06958),
('10793', '5748', -0.748712),
('20282', '5749', -1.06102),
('20241', '5767', -0.0700427),
('17439', '5773', 0.0247376),
('30618', '5779', -0.511196),
('17207', '5780', -0.338407),
('20281', '5781', -1.19455),
('17467', '5784', -0.913744),
('17980', '5785', -0.947993),
('30370', '5787', -0.522931),
('10544', '5789', -0.395587),
('11312', '5790', 0.163748),
('17987', '5791', -0.867783),
('10550', '5792', -0.875974),
('10817', '5793', -0.89355),
('31106', '5810', 0.00016789),
('10963', '5811', -0.681828),
('6096', '5812', -1.51519),
('14050', '5813', -2.16815),
('18158', '5814', -1.16368),
('5081', '5815', -1.54916),
('20743', '5820', 1.02127),
('20744', '5821', 1.27912),
('28037', '5826', -1.5424),
('17443', '5827', -0.480004),
('4108', '5828', -1.58381),
('17448', '5830', -0.1404),
('17197', '5831', -0.306187),
('17459', '5832', -0.0730864),
('17492', '5833', -0.972293),
('5709', '5836', -0.787763),
('7247', '5847', 0),
('7248', '5852', 0),
('5714', '5858', 0),
('18159', '5860', -1.30921),
('22281', '5862', 1.47517),
('20243', '5863', -0.383193),
('22304', '5864', 0.955575),
('17212', '5867', -0.673061),
('8235', '5869', -0.0223691),
('10797', '5870', -0.803702);
INSERT INTO `FormationEnergy1K` (`entry_id`, `calculation_id`, `delta_e`) VALUES
('30881', '5872', -0.262073),
('10542', '5873', -0.373343),
('10799', '5875', -0.800737),
('17474', '5876', -0.904027),
('29867', '5878', -0.450664),
('17746', '5880', -0.410518),
('6836', '5914', 0.0956113),
('6100', '5916', -1.36912),
('11507', '5918', -1.20411),
('17170', '5919', -0.0682901),
('10775', '5920', -0.901568),
('11031', '5921', -0.323945),
('18741', '5923', -0.215531),
('21569', '5925', -1.25291),
('30632', '5926', -0.488919),
('17989', '5927', -0.571749),
('17479', '5928', -0.32415),
('29100', '5929', -0.441581),
('29868', '5930', -0.472334),
('17481', '5931', -0.347938),
('10810', '5932', -0.524168),
('17995', '5933', -1.22879),
('10813', '5937', -0.334147),
('4949', '5943', -1.51377),
('3670', '5955', -0.0661037),
('3671', '5958', 0.0525446),
('17750', '5970', -0.152127),
('18015', '5972', -0.79979),
('30774', '5978', 4.32647),
('8161', '5980', -1.16804),
('11516', '5984', -3.104),
('13825', '5985', -1.19402),
('21519', '5986', 0.468742),
('17422', '5987', -0.142571),
('19509', '5993', -3.50831),
('31332', '6004', -0.286915),
('17677', '6006', -0.192155),
('11013', '6008', -0.323277),
('3679', '6014', -1.15817),
('30376', '6023', -0.491884),
('21321', '6024', -1.7817),
('17225', '6025', -0.0687964),
('7479', '6027', 0.292395),
('10558', '6030', -0.337692),
('17486', '6031', -0.342531),
('10561', '6032', -0.936785),
('5180', '6033', -2.48674),
('4707', '6039', -1.23618),
('21307', '6043', -1.17514),
('21563', '6044', -0.00977664),
('3685', '6049', -2.1302),
('17703', '6050', 0.0663329),
('7452', '6051', -0.228883),
('30616', '6054', -0.14221),
('30631', '6057', -0.866833),
('7523', '6062', -0.718695),
('3682', '6068', -1.796),
('3683', '6069', -2.1411),
('5736', '6073', -2.15655),
('21324', '6076', 1.48883),
('6924', '6084', -1.36391),
('4109', '6085', -1.60054),
('17490', '6087', -0.248667),
('10823', '6088', -0.958232),
('5734', '6091', -2.30989),
('3684', '6094', -1.92805),
('5735', '6095', -1.59231),
('3686', '6097', -1.92758),
('8120', '6100', -0.857157),
('4567', '6105', -0.126934),
('17421', '6113', 0.23413),
('20240', '6114', -0.146736),
('1897', '6116', -1.37674),
('1898', '6119', -0.942371),
('17215', '6121', -0.673616),
('4151', '6122', -0.812009),
('17751', '6123', -0.180215),
('12625', '6124', -0.156557),
('18797', '6126', -0.29845),
('5737', '6127', -1.44256),
('5738', '6128', -2.17272),
('30095', '6145', -0.574772),
('21322', '6147', 0.817296),
('4657', '6148', -0.13334),
('10822', '6150', -0.861786),
('5236', '6154', -1.9998),
('6097', '6158', -2.61667),
('18979', '6159', 0.291109),
('22310', '6160', -0.0519698),
('22313', '6161', 0.89983),
('5686', '6162', -2.974),
('8487', '6165', -0.0842171),
('21323', '6166', 0.840573),
('30124', '6167', -0.673625),
('21326', '6168', 1.37714),
('22360', '6169', 0.000252246),
('7540', '6176', -0.196037),
('29026', '6190', -0.658127),
('18199', '6194', -1.57043),
('14102', '6198', -0.396377),
('21332', '6200', 1.61981),
('17780', '6203', -0.318208),
('8051', '6210', -0.321121),
('18488', '6222', -1.05571),
('21327', '6223', 1.5779),
('13637', '6224', -0.177579),
('17496', '6226', -0.142209),
('5242', '6231', -1.79549),
('8472', '6235', 0.721564),
('28054', '6236', -0.050696),
('10539', '6239', -0.449509),
('11589', '6241', -0.684794),
('10576', '6242', -1.09712),
('10087', '6245', 0.0415147),
('29922', '6246', -0.873495),
('21308', '6249', -1.02033),
('8239', '6251', -1.48604),
('5695', '6253', -1.79089),
('17500', '6254', -0.511162),
('5238', '6256', -1.84848),
('14105', '6258', -0.240067),
('20836', '6261', -0.890308),
('4708', '6262', -0.167779),
('5239', '6288', -1.84217),
('20089', '6291', 0.106327),
('6099', '6292', -1.21246),
('10969', '6293', -0.801531),
('6101', '6294', 0.101179),
('10971', '6296', -0.914214),
('21522', '6298', 0.366223),
('21330', '6300', 0.174892),
('21338', '6301', 1.61101),
('8519', '6302', 0.00359173),
('17248', '6303', -0.387828),
('18785', '6305', -0.326067),
('30405', '6306', -0.804842),
('18050', '6310', -0.418388),
('17795', '6311', -0.51584),
('22410', '6312', -0.126312),
('30778', '6320', 0.231853),
('8394', '6321', 0.00595278),
('10957', '6322', -0.980339),
('20522', '6327', -0.83221),
('27280', '6328', -0.0725831),
('21325', '6329', 1.45458),
('20565', '6330', 0.323664),
('10573', '6332', 0.0126065),
('13907', '6333', -0.0880465),
('22370', '6334', 1.48467),
('20837', '6335', -0.613084),
('18788', '6337', 0.00399461),
('5241', '6343', -2.20688),
('4731', '6349', -2.88757),
('8113', '6351', -0.144528),
('8384', '6352', -1.5085),
('22368', '6356', 2.24877),
('10323', '6358', -0.204518),
('30152', '6359', -0.562253),
('17512', '6360', -1.03015),
('8063', '6365', -0.280227),
('18987', '6374', 0.0745776),
('8273', '6377', -0.10725),
('29642', '6378', -0.22178),
('8506', '6384', -1.41436),
('6098', '6415', -2.69164),
('5614', '6416', -0.0812901),
('10840', '6419', -0.327498),
('18025', '6422', -0.544864),
('17522', '6427', -0.866266),
('20622', '6429', -1.35087),
('10365', '6430', -0.335555),
('5771', '6433', -2.47033),
('7823', '6445', -0.0527099),
('8079', '6446', 0.0135505),
('8080', '6450', -0.34345),
('11321', '6458', -0.762285),
('17484', '6459', 0.0473437),
('21331', '6460', 0.396672),
('12378', '6463', 0.000012775),
('10846', '6465', -0.491164),
('30932', '6466', -0.563829),
('17525', '6467', -0.921172),
('18038', '6469', -0.912492),
('30426', '6470', -0.364488),
('4497', '6472', -0.573232),
('4498', '6484', -0.420938),
('6293', '6489', -1.09759),
('9295', '6492', 0.0241746),
('21337', '6494', 0.660201),
('14013', '6501', -1.29009),
('11506', '6502', -1.65211),
('6296', '6504', -1.8272),
('8091', '6505', -2.73451),
('22276', '6506', -0.567264),
('21521', '6508', 0.252138),
('22303', '6510', 0.418934),
('10077', '6515', -0.0498988),
('17776', '6516', -0.394271),
('18036', '6517', -0.568832),
('17530', '6519', -0.48892),
('10623', '6522', -0.34775),
('8254', '6528', -1.47155),
('17297', '6529', -0.29822),
('10375', '6531', -0.536375),
('18839', '6532', -0.0485526),
('18073', '6533', -0.749827),
('17306', '6534', -0.503563),
('27646', '6535', 0.069533),
('29950', '6536', -0.344136),
('31231', '6537', -0.689779),
('10894', '6538', -0.470011),
('7826', '6540', -0.240204),
('8507', '6543', -1.69857),
('17538', '6544', -0.320504),
('4248', '6546', 0.0210021),
('22314', '6551', 1.47515),
('10632', '6553', -0.319024),
('29957', '6554', -0.344052),
('3735', '6559', -2.05011),
('21309', '6563', 0.0043681),
('8252', '6564', 0.0941217),
('5178', '6565', -0.467185),
('21334', '6566', -0.787445),
('10066', '6567', -0.0729678),
('8281', '6570', -0.582945),
('30434', '6573', -0.337417),
('17536', '6574', -0.784881),
('5995', '6575', -2.06506),
('13691', '6576', -0.631385),
('9288', '6579', 0.508218),
('18044', '6581', -0.160822),
('27877', '6582', -0.267649),
('10867', '6583', -0.165115),
('17541', '6584', -0.766822),
('21113', '6587', -1.23864),
('17788', '6588', -0.101117),
('18067', '6589', -0.511459),
('10125', '6591', 0.00134922),
('10639', '6592', -0.264895),
('30950', '6597', -0.571749),
('10359', '6598', -0.0670945),
('10936', '6600', -1.06468),
('5822', '6601', -0.733636),
('18457', '6604', -1.06262),
('18458', '6605', -0.559778),
('23862', '6606', -0.0879823),
('11024', '6607', -0.471244),
('11301', '6608', -1.08693),
('8484', '6609', 0.101845),
('21329', '6625', -0.756917),
('30413', '6628', -1.16516),
('30414', '6629', -1.1652),
('9319', '6633', 0.00718885),
('1949', '6640', -0.804125),
('10280', '6643', 0.172855),
('21336', '6644', 0.5719),
('8272', '6645', -1.52923),
('30156', '6646', -0.37636),
('7771', '6647', 0.141663),
('18818', '6648', -0.278676),
('19332', '6649', -0.391573),
('19333', '6650', -0.251309),
('18054', '6651', -1.02687),
('21386', '6652', -0.812661),
('11128', '6653', -0.507142),
('5783', '6654', -2.22464),
('22367', '6659', 0.479685),
('12376', '6660', -0.487819),
('10361', '6661', -0.244194),
('18313', '6662', -0.895767),
('18829', '6663', -0.0793983),
('19341', '6664', -0.0521182),
('29686', '6665', -0.267041),
('21407', '6667', -0.632339),
('18088', '6668', -0.752099),
('21306', '6673', -0.92884),
('21335', '6675', 0.0947358),
('8278', '6677', 0.0984507),
('10879', '6678', -0.0955462),
('17583', '6679', -0.315976),
('5793', '6691', -1.89995),
('2466', '6692', -0.246014),
('8431', '6694', -0.773462),
('18454', '6695', -0.303236),
('30415', '6700', -1.1652),
('8485', '6705', 0.0136332),
('10315', '6706', -1.92933),
('20574', '6707', 0.279526),
('10081', '6709', -0.158703),
('10609', '6710', -0.416773),
('18057', '6711', -0.715152),
('19339', '6712', -0.194183),
('11590', '6722', 0.24545),
('8285', '6725', -1.55573),
('30423', '6726', -1.33856),
('10362', '6727', -0.242656),
('16942', '6743', 0.233642),
('20278', '6744', -0.108083),
('30151', '6745', -1.59909),
('8535', '6747', 0),
('3678', '6748', -0.633138),
('7553', '6750', -0.534169),
('18100', '6753', -0.225129),
('28120', '6775', -1.11276),
('8090', '6780', -1.89393),
('9275', '6786', 0.0480369),
('14069', '6787', -1.54597),
('8260', '6788', -0.681358),
('11602', '6789', -0.543942),
('18072', '6790', -0.767071),
('10900', '6799', -0.615992),
('22454', '6800', -0.659526),
('18717', '6808', 0.210925),
('11153', '6809', -0.431759),
('31237', '6810', -0.900016),
('11137', '6837', -0.504482),
('8149', '6843', -2.17073),
('21328', '6846', -1.46486),
('10320', '6848', -0.871958),
('8293', '6850', -1.58647),
('7552', '6853', -0.167088),
('18325', '6854', -0.5746),
('17558', '6855', -0.115284),
('18076', '6856', -0.96668),
('21409', '6858', -1.03586),
('10896', '6860', -0.586193),
('10128', '6861', -0.0905041),
('10649', '6862', -0.232342),
('10906', '6863', -0.163735),
('18090', '6864', -0.533249),
('8355', '6865', -1.62052),
('18106', '6866', -0.379279),
('1956', '6870', -0.577646),
('10672', '6873', 0.00103123),
('8385', '6882', -0.191959),
('13641', '6886', -2.4235),
('8517', '6887', -0.910115),
('8269', '6889', -0.839846),
('30411', '6890', -2.1672),
('8286', '6893', -1.07898),
('11114', '6896', -0.114484),
('18819', '6897', -0.222215),
('28662', '6899', -1.62319),
('18079', '6901', -0.360169),
('18083', '6904', -0.84222),
('17063', '6905', -0.418948),
('17320', '6906', -0.447708),
('14033', '6907', 0.00021851),
('21512', '6909', 0.562743),
('8251', '6910', 0.00479585),
('8295', '6916', -1.18181),
('5237', '6918', -1.8496),
('17314', '6919', -0.519116),
('30990', '6923', -0.54487),
('17067', '6925', -0.335899),
('11166', '6927', -0.296954),
('18097', '6929', -0.788425),
('10673', '6930', 0.00200788),
('5809', '6935', -0.732019),
('22432', '6945', 0.23325),
('11159', '6946', -0.50061),
('18099', '6948', -0.22513),
('3258', '6956', -1.36276),
('18759', '6981', -0.946816),
('7551', '6984', -0.352948),
('19093', '6985', 0.145763),
('18867', '6987', -0.783705),
('22456', '6988', -0.437809),
('17895', '7003', 0.339314),
('8294', '7005', -1.69988),
('30994', '7008', -0.568829),
('30230', '7010', -0.0687937),
('18101', '7011', -0.642829),
('17590', '7012', -0.278829),
('17591', '7013', -0.277327),
('17596', '7014', -0.431157),
('5240', '7024', -1.82086),
('10370', '7025', 0.0580997),
('17064', '7026', -0.324471),
('8089', '7027', -0.197465),
('17838', '7028', -0.377979),
('18094', '7029', -0.317244),
('18869', '7030', -0.0425309),
('11177', '7031', -0.518755),
('10164', '7032', -0.988265),
('2587', '7040', -1.89815),
('10381', '7041', -0.246224),
('8279', '7053', -1.39823),
('22430', '7055', -0.00281962),
('17321', '7056', -0.489807),
('17580', '7057', -0.421915),
('11171', '7058', -0.427594),
('10665', '7060', -0.286917),
('18111', '7062', -0.381575),
('29989', '7063', -0.449835),
('17053', '7079', -0.331571),
('10660', '7080', -0.269621),
('14796', '7101', -1.51866),
('21497', '7103', -1.54154),
('18755', '7107', -0.741251),
('8270', '7109', -1.03156),
('16746', '7110', -1.198),
('19092', '7111', 0.166068),
('10662', '7112', -0.257707),
('30236', '7113', -0.0652135),
('10667', '7115', -0.292564),
('17597', '7117', -0.449263),
('13939', '7130', 0.101482),
('30745', '7134', -0.193651),
('5808', '7135', -1.06683),
('14011', '7136', -1.41527),
('18312', '7140', -1.80856),
('30158', '7144', 0.0876304),
('22455', '7148', -0.489793),
('13741', '7162', -0.781232),
('10173', '7166', 0.260485),
('30736', '7170', -0.0126291),
('17600', '7172', -0.619342),
('3814', '7183', -1.88271),
('18776', '7191', -0.454859),
('22433', '7193', 0.44749),
('16037', '7195', -0.949137),
('30751', '7197', -0.169502),
('5805', '7199', -0.991686),
('20934', '7200', 0.32359),
('30247', '7201', -0.387309),
('30750', '7208', -0.350917),
('20394', '7231', -0.857895),
('18374', '7243', -0.435081),
('8477', '7245', -0.375827),
('31001', '7253', -1.01651),
('16721', '7255', 0.0893415),
('10401', '7257', -0.318124),
('10103', '7259', -0.0247634),
('10426', '7262', -0.136905),
('8282', '7263', -0.715838),
('17603', '7268', -0.551956),
('5807', '7269', -0.649001),
('20679', '7274', -0.349402),
('10165', '7275', -0.963182),
('11175', '7279', -0.501376),
('18110', '7280', -0.380315),
('18378', '7281', 0.0409098),
('8265', '7296', -1.0592),
('18789', '7297', 0.0400102),
('8297', '7298', -0.970454),
('10102', '7302', -0.0686409),
('18319', '7304', -1.88636),
('5806', '7314', -0.695052),
('20929', '7320', -0.331671),
('10688', '7323', -0.813945),
('16038', '7327', -0.938868),
('13946', '7337', 0.953634),
('22450', '7338', -0.297798),
('13677', '7352', -0.41705),
('11906', '7353', -1.67964),
('22369', '7358', 1.08092),
('18322', '7362', -2.09764),
('18105', '7363', -0.653068),
('13743', '7364', -1.17764),
('18108', '7365', -1.7659),
('15297', '7393', 0.417826),
('10693', '7395', -0.735737),
('8179', '7398', -0.288799),
('17637', '7403', -0.063042),
('5847', '7404', -0.337248),
('17649', '7405', -0.161717),
('5087', '7406', -0.139979),
('4570', '7418', -2.64173),
('5848', '7419', -1.02346),
('20081', '7425', 0.19112),
('5539', '7427', 0),
('14047', '7428', -1.77834),
('3580', '7429', -0.337226),
('21461', '7450', -0.358108),
('7530', '7476', -0.0098133),
('14010', '7484', -1.22451),
('13703', '7490', -0.157866),
('31022', '7493', -0.670124),
('17653', '7494', -0.222423),
('8428', '7495', -0.83847),
('11966', '7507', -2.99804),
('22228', '7524', -0.472611),
('29771', '7526', -0.152845),
('21472', '7537', -1.70817),
('14048', '7539', 0.43605),
('12787', '7540', -0.371485),
('18102', '7544', -2.07119),
('28939', '7552', 2.10097),
('19195', '7556', -0.641853),
('8476', '7564', -0.221526),
('8221', '7566', -0.0439106),
('10934', '7591', -1.04626),
('10648', '7603', -0.261467),
('20395', '7604', -1.54597),
('8088', '7605', 0.0704666),
('30512', '7607', -0.0987388),
('6332', '7608', -1.3247),
('10968', '7612', -0.0142385),
('8473', '7613', -0.651223);
